,inner_index,coherence_gemini,coherence_gpt,label,text,gemini_corrupted_summary,gpt_corrupted_summary,config,orig_gpt_prediction,orig_gemini_prediction
0,133,['4'],['4'],ドナルド・トランプ米大統領は14日、バージニア州シャーロッツビルで12日に起きた極右集団と反対派との衝突で女性が死亡した事件についてあらためて発言し、人種差別主義者による暴力を非難した。,ホワイトハウスで声明を述べるトランプ大統領（14日、ワシントン） トランプ大統領はホワイトハウスで声明を読み上げ、「人種差別は悪だ。その名の下に暴力を振るう者は犯罪者でごろつきだ」と述べた。 トランプ氏は人種差別団体クー・クラックス・クラン（KKK）やネオナチ、白人至上主義者たちは、米国人が大切にしていることすべてにとって「唾棄すべき」存在だと語った。 「人種差別は悪」 トランプ氏声明読み上げ 批判受け トランプ大統領に対しては、12日の事件直後に白人至上主義者を名指しして批判しなかったことへの批判の声が上がっていた。 シャーロッツビルでは12日に、米南北戦争で奴隷制維持のために戦った南部諸州軍のロバート・E・リー将軍の像の撤去計画に抗議する「右派を団結」集会が開かれ、集会に抗議する人々と衝突が起きた。 極右集会に参加していたジェイムズ・フィールズ容疑者（21）が反対派の人々がいた場所に自動車で突入し、市内在住の法律事務職ヘザー・ハイヤーさん（32）が死亡したほか、19人が負傷した。 フィールズ容疑者は14日に、第2級殺人（故意だが計画的でない殺人）、悪質な傷害3件、ひき逃げ1件の計5件の容疑で正式に起訴された。留置所からビデオ通話で出廷した同容疑者に、保釈金は認められなかった。 フィールズ容疑者は、ナチス思想に共感していたとされる。 司法省は、事件が人種差別を禁じた公民権法違反にあたるかについて捜査を開始した。 休暇を過ごしていたニュージャージー州ベッドミンスターの所有ゴルフ場からホワイトハウスに戻ったトランプ大統領は、「我々は言語道断の憎悪、偏見、暴力行為を強く非難する。アメリカでは許されない」と声明を読み上げた。「偏見の名の下に暴力を広げようとする者たちは、アメリカの核心部分そのものを攻撃していることになる」。 トランプ大統領は、死亡したハイヤーさんや、現場で警察が対応するなか起きたヘリコプター墜落で死亡した警官2人への追悼の言葉を語った。 ハイヤーさんの母親、スーザン・ブロさんはNBCニュースに対し文書で、トランプ大統領による「なぐさめの言葉と、暴力や憎悪をかき立てる人々への非難」に謝意を表した。ブロさんはさらに、ヘリコプター事故で死亡した警官2人の遺族に対してお悔やみを述べた。 一方、トランプ大統領の今回の発言は遅すぎたと考える人もいる。 公民権運動の指導者アル・シャープトン師はMSNBCテレビに対し、トランプ大統領が差別主義者を全面的に非難するまでに48時間がかかったと指摘。「この国の大統領の前に、ドイツの国家元首が（非難の言葉を）語っていた」と述べた。 「（トランプ氏の）沈黙は実に雄弁だった。不十分で遅すぎた」 ジェフ・セッションズ司法長官はシャーロッツビルの事件が「国内テロの定義」を満たしていると語った。トランプ大統領は事件について同様の表現を使うのを控えている。 セッションズ長官は12日に、司法省が事件について人種差別を禁じた公民権法違反容疑での捜査を開始したと発表した。 13日には全米各地で、事件の犠牲者や負傷者への連帯を表明するデモや集会が開かれた。米北西部ワシントン州シアトルでは、トランプ氏を支持する集会に近づこうとした反対派に対して警察が唐辛子スプレーを使用した。 米医薬品大手メルクのケン・フレージャー最高経営責任者（CEO）は、トランプ大統領の事件への対応に不満を表明し、企業幹部で構成される諮問会議「製造業評議会」の委員を辞任した。 黒人経営者のフレージャー氏はツイッターで、トランプ氏が「不寛容と極端な思想に対抗する姿勢を見せる責任がある」と述べた。 オバマ前政権で国務長官を務めたジョン・ケリー氏はツイッターで、トランプ氏の事件に対する当初の反応がより真実を物語っているとコメントした。 「大統領は今何を言っても変わらない。最初の直観はいつも本当のことを明らかにする。彼（トランプ氏）はカメラに向かって『いろいろな側』と言った。あれをなかったことにはできない」 （英語記事 Trump condemns 'evil racism' in Charlottesville）,"ウーバーのセクハラ問題を告発したスーザン・ファウラー氏のブログは、シリコンバレーの性差別問題に注目を集めた。調査によると、シリコンバレーで働く女性の60％が望まない性的誘いを受け、87％が屈辱的な言葉を経験している。多くの被害者はキャリアへの影響を恐れ、声を上げられない現状がある。ウーバー以外のテック企業でも訴訟や辞任に発展したケースが存在し、業界全体の課題となっている。シリコンバレーの男女格差是正への取り組みは始まっているものの、依然として課題は山積みで、真の変化には時間がかかるだろう。
",トランプ大統領はホワイトハウスで声明を読み上げ、人種差別を非難しました。彼は人種差別団体や白人至上主義者を「唾棄すべき存在」と表現しました。トランプ大統領は、シャーロッツビルでの事件についても触れ、被害者や警官への追悼の言葉を述べました。一方で、トランプ大統領の発言が遅すぎたとの批判もあります。また、トランプ大統領の対応に不満を表明した企業幹部も辞任しました。ジェフ・セッションズ司法長官は事件を国内テロと定義しましたが、トランプ大統領は同様の表現を避けています。,"{'should_shuffle': True, 'should_remove_sentence': False, 'should_remove_random_words': {'enabled': True, 'number': 12}, 'should_replace_words_with_lemma_form': {'enabled': False, 'number': 30}, 'should_replace_conjunctions': {'enabled': False, 'number': 6}, 'should_replace_ner': {'enabled': True, 'number': 5}, 'should_random_sentence_from_another_paper': {'enabled': False, 'number': 0}}",,
1,231,['4'],['4'],仮想通貨ビットコインを発明したのは米ロサンゼルス近郊に住む64歳の日系米国人だと伝えて世界的に話題になった 米誌ニューズウィークの記事 を覚えているかもしれない。,"ニューズウィーク記事は、ビットコイン生みの親とされた「サトシ・ナカモト」なる謎の人物を発見したと報道したのだが、この「スクープ」は間違いだった。ドリアン・ナカモト氏（出生時の名前がサトシだった）は後に、記事のせいで自分の生活は大混乱に陥ったとして、同誌を訴えている。 あの騒動がまだ記憶に新しいだけに、米誌「WIRED」のこの記事を共有するのも慎重になっている。記事によると、ビットコイン発明者「サトシ・ナカモト」は、44歳のオーストラリア人で暗号専門家のクレイグ・スティーブ・ライトという人の偽名だと言うのだ。 WIRED記事の筆者、アンディー・グリーンバーグ氏とグウセン・ブランウェン氏は「（ライト氏は）ビットコインを発明したか、あるいは私たちをだまそうと必死な、見事な詐欺師だ」と書いている。 ビットコインは、複雑な暗号プロトコルと、どのコインを誰が使ったか管理・認証する世界的なコンピューター・ネットワークからなる仮想通貨だ。誰がビットコインを使ったか記録をたどるのが極めて困難な匿名性ゆえに、犯罪活動によく使われる。 ビットコインの発明者（もしかすると複数かもしれない）も同じくらい、たどるのが難しい。 WIRED記事によると、リークされた文書にはライト博士と弁護士のやりとりが含まれており、ライト博士はそのなかで「自分が2009年以来ビットコインを運営してきた事実を精一杯隠してきた」、「最終的にはどうせ世界の半分には知られるんだろうし」などと発言しているという。 私はライト博士に接触を試みたが、うまくいかなかった。WIREDが記事を発表して間もなくブログは削除され、鍵つきだったツイッター・アカウントも削除されてしまった。 オンラインに残っているプロフィールによると、博士は「代替通貨」を専門に扱う豪シドニー拠点の「デモルガン」社の経営者だという。 ライト博士についてWIREDが調べた内容の全容はWIRED記事を読むようお勧めするが、その要点は以下の通りだ――。 - ビットコイン運用開始のかなり前に掲載した複数のブログ記事で、疑似通貨開発について専門家の助言を求めている。 - 「サトシ・ナカモト」を名乗る人物に関係する暗号パスワードを使って、自分のメールを送るよう呼びかけている。 - ビットコイン開始を発表する投稿は後に削除され、「一番うまい隠れ方は誰もが見える場所にいること」と代わりに書いている。 WIRED記事はさらに、ライト博士が大量のビットコインを所有し、その一部をビットコイン銀行設置に投資したと書いており、流出したメールや会話の聞き取り記録がこれを裏付けている。 しかし（そしてこれはとても大事な「しかし」なのだが）、WIREDは自分たちの主張の問題点を潔く認めている。大がかりなでっちあげかもしれないというのだ。 「流出した文書の真偽は未確認で、すべて、あるいは一部が偽造という可能性はある」と同誌は認めた上で、「けれどもこれははっきりしている。もしライト氏が『ナカモト』とのつながりを偽造しようとしているなら、そのでまかせは、ビットコインと同じくらい大胆なものだ」と付け加えている。 同誌が提示した一連の証拠には説得力があるし、「サトシ・ナカモト」の真相解明を自認する他の人たちがつぶしきれなかった穴をいくつも埋めている。そして「サトシ・ナカモト」は今や、デジタル世界におけるルーカン卿のような存在になりつつある。 （訳注・「ルーカン卿」とは1974年にロンドン自宅から失踪したまま行方不明の英国貴族。自宅では乳母が殺害され、別居中の妻が殴打され重傷を負っていた。「ルーカン卿の謎」は英国で広く注目され、世界各地からの「目撃証言」が頻繁に取りざたされてきた） （英語記事 Bitcoin creator 'is 44-year-old Australian', claims Wired）",ウーバーはライムと提携し、自転車やキックボードなどの個人用モビリティに注力する。従来の自動車利用よりも短距離でより頻繁に利用されることを目指し、収益は利用頻度の向上で補う。これは長期的な戦略であり、ドライバーは長距離での収益向上を期待できるが、短期的に損失が出る可能性がある。,ウーバーは、自転車やキックボードなどの乗り物に注力し、都市内の移動を改善することを目指している。ウーバーは自転車事業会社に出資し、電動自転車「ジャンプ」を米国やドイツで展開している。また、ウーバーは米ライムと提携し、電動キックボードのシェアリング事業も行っている。ウーバーは短距離移動での利用頻度を増やすことで、自動車の売り上げの減少を補うことを目指している。ウーバーは財政状況の改善圧力を受けており、規制の影響も懸念されている。,"{'should_shuffle': False, 'should_remove_sentence': True, 'should_remove_random_words': {'enabled': True, 'number': 13}, 'should_replace_words_with_lemma_form': {'enabled': False, 'number': 46}, 'should_replace_conjunctions': {'enabled': False, 'number': 2}, 'should_replace_ner': {'enabled': False, 'number': 0}, 'should_random_sentence_from_another_paper': {'enabled': True, 'number': 2}}",,
2,251,['2'],['4'],自動運転車技術の展望について新たな懸念が起こる中、電気自動車大手の米テスラと、カリフォルニア州を本拠地とする半導体メーカー・エヌビディアの株価が27日、急落した。,米国株式市場は、国際的な貿易戦争の恐れが減少したことを受けて26日に上昇していたが、広範な技術銘柄の売りに自動運転車技術への疑念が加わり反落した。 テクノロジー株比率が高いナスダック総合株価指数は200ポイント超（約2.9%）下落した。 S&P500種株価指数は1.73%安の2612.6ポイント、ダウ平均株価は1.43%安の23857.7ポイントとなった。 自動運転技術のサプライヤーであるエヌビディアは、同社が公道での自動運転試験の中止を発表して以降、関連市場で最大の落ち込みを記録した。 同社株は、昨年急激に上昇していたが、この日は7.8%近い下落に終わった。 エヌビディアの決定は、配車サービスの米ウーバーテクノロジーズが米アリゾナ州で試験運行していた自動運転車による死亡事故を受けたものだ。 アリゾナ州は26日夜、連邦による調査が終わるまで、試験へのウーバーの参加を禁止すると発表した。トヨタなどの他社も、公道での試験を縮小すると発表している。 米国家運輸安全委員会（NTSB）が、テスラ製の車1台を含む死亡事故について調査していると発表して以来、自動車安全についての疑念はテスラにも付きまとっている。 NTSBは、事故のあとに発生した火災を調査しており、自動運転システムが作動していたかを究明しようと試みているとした。 同委員会はツイッターに「NTSBの調査員は、2018年3月23日にカリフォルニア州マウンテンビュー付近で起き死者を出したテスラ車の衝突事故について現地調査を実施している。衝突当時、自動運転システムが作動していたかどうかはわかっていない。調査対象には衝突後の火災、車を安全にするための現場からの車両除去の手段などが含まれる」と投稿した。 テスラの株価は8%超下落して280ドルを割り込み、今年の最安値を記録した。 エヌビディアとテスラは昨年、規制撤廃と法人税控除の期待から市場が急騰したことを受け、株価を急上昇させていた。 投資家は貿易摩擦や米連邦準備制度理事会（FRB）による利上げといった諸問題にも悩まされており、両社の行く末は荒れ模様だ。 フェイスブックとグーグルの親会社アルファベットの2社も27日、現在発生している個人情報保護に関する懸念を受けて株価を5%下げた。 （英語記事 Tesla and Nvidia shares fall amid driverless car doubts）,ロシア出身のテニス選手、シャラポワがメルドニウムという禁止薬物使用によりドーピング違反に。10年間使用しており、処方された薬だと知らずに摂取していたと説明。処分は最大4年だが、事情により軽減される見通し。,BBCは、「明けましておめでとうございます」とだけ投稿した匿名アカウントを作成。 例えば、「ネオナチ」をキーワードにした場合、イギリスでは6万7000人～8万1000人が、広告の対象になり得るとの結果が表示された。 ロ シ ア 出身 の テ ス 選手 シ ャ ラ ポ 選手 が 禁止 薬物 の 反 応 が 出 こ と を 認 め た 彼女 は 10 年 前 か 健康 の 理由 で メ ル ニ ウ ム を 使用 し て い た そ の 薬 が 禁止 薬物 に 指定 さ れ た こ と を 知 ら な っ た と 主張 し て い る 彼女 の 弁 護士 は 処 分 が 減免 さ れ る 可能性 が あ る と 述 べ て い る 彼女 は 処 分 を 受 け る こ と を 覚 悟 ら も ニ ス を 続 け た い と 希望 て い る,"{'should_shuffle': True, 'should_remove_sentence': True, 'should_remove_random_words': {'enabled': True, 'number': 13}, 'should_replace_words_with_lemma_form': {'enabled': False, 'number': 33}, 'should_replace_conjunctions': {'enabled': False, 'number': 4}, 'should_replace_ner': {'enabled': True, 'number': 8}, 'should_random_sentence_from_another_paper': {'enabled': True, 'number': 2}}",ロシア出身のテニス選手、シャラポワ選手が禁止薬物の陽性反応が出たことを認めた。彼女は10年以上前から健康上の理由でメルドニウムを使用していたが、その薬が禁止薬物に指定されたことを知らなかったと主張している。彼女は処分を受けることを覚悟しながらも、テニスを続けたいと希望している。彼女の弁護士は処分が減免される可能性があると述べている。,ロシア出身のテニス選手、シャラポワがメルドニウムという禁止薬物使用によりドーピング違反に。10年間使用しており、処方された薬だと知らずに摂取していたと説明。処分は最大4年だが、事情により軽減される見通し。
3,286,['4'],['4'],ロシアのウラジーミル・プーチン大統領は6日、ロシア製の新型コロナウイルスワクチンについて、「カラシニコフ銃と同じくらい信頼できる」と称賛した。,ロシア製ワクチン「スプートニク・ライト」は1回の接種で効果が得られるという ロシア保健省はこの日、ロシア製ワクチン「スプートニク・ライト」の使用を承認した。これは、昨年から使用が始まっているワクチン「スプートニクV」（2回の接種が必要）と同じ成分だが、開発したガマレヤ研究所は1回の接種で79.4％の有効性が確認されたとしている。 同研究所は声明で、「1回の接種で済むため、より多くの人に短期間で予防接種を行える」と説明した。 このワクチン承認を受け、プーチン大統領はタチアナ・ゴリコワ副首相とのビデオ会議に出席した際にカラシニコフ銃を引き合いにワクチンを称賛した。ソ連時代に開発されたカラシニコフ銃は現在も人気があり、広く使用されている。 「カラシニコフ銃と同じくらい信頼できる」との発言は、もともとはオーストリアの医師がスプートニクVの効果について述べたもので、プーチン氏はそれを引用したかたち。 プーチン大統領は6日のビデオ会議で、ロシア製ワクチンは信頼性が高く安全だと述べた スプートニクVは英オックスフォード大学／アストラゼネカ製ワクチンや米ジョンソン・エンド・ジョンソン製ワクチンと同様に、通常の風邪を引き起こすアデノウイルスの株を利用し、免疫反応を引き起こすもの。 昨年にスプートニクVの使用がいち早く承認された際は、プーチン政権に批判的な人たちから懐疑的な見方が出ていた。しかしその後の後期臨床試験で高い予防効果が認められ、現在は数十カ国で承認されている。 ワクチン生産の促進をめぐっては、ワクチン技術に関する特許を放棄すべきかどうか国際的論争が続いている。 （英語記事 Putin says Sputnik jabs 'reliable as Kalashnikovs'）,シ ア 保健 省 は 2 回接 種型 の ワ チ ス プ ー ト ニ ク ・ ラ イ ト を 承認 し 4% の 効 性 が あ る さ れ て い る こ れ は 1 回接 種型 の ス ト ニ ク V と じ 成分 だ が 2 回 の 接種 で 79. カプセルはその後、ビーコン電波を発して着地地点を知らせた。 開 発 元 の ガ マ レ ヤ 研究所 は 接種 回数 が 少 な い た め よ り く の に 短期 間 で 接種 可能 だ 説 明 い る プ ー チ ン 大統領 は ス プ ー ト ニ ク ・ ラ イ ト を カ ラ シ ニ コ フ 銃 の よ う に 信 頼 性 が 高 い と 称 賛 し こ れ は も と も と オ ー ス ト リ ア の 医師 が ス ー ト ニ ク V に つ て 述 べ た 言葉 で あ る 重さ16キロのカプセルは現在、現地本部の「簡易調査施設」に運ばれた。 「はやぶさ2」は2014年に打ち上げられ、2018年にリュウグウに到着。,ロシア保健省は、1回の接種で効果が得られるロシア製ワクチン「スプートニク・ライト」の使用を承認しました。このワクチンは、昨年から使用されている「スプートニクV」と同じ成分であり、1回の接種で79.4％の有効性が確認されています。ガマレヤ研究所は、1回の接種で済むため、より多くの人に短期間で予防接種を行えると説明しています。プーチン大統領は、このワクチンを称賛し、カラシニコフ銃と同じくらい信頼できると述べました。スプートニクVは、アデノウイルスの株を利用して免疫反応を引き起こすワクチンであり、高い予防効果が認められています。,"{'should_shuffle': True, 'should_remove_sentence': True, 'should_remove_random_words': {'enabled': True, 'number': 13}, 'should_replace_words_with_lemma_form': {'enabled': False, 'number': 47}, 'should_replace_conjunctions': {'enabled': False, 'number': 2}, 'should_replace_ner': {'enabled': True, 'number': 3}, 'should_random_sentence_from_another_paper': {'enabled': True, 'number': 3}}",ロシア保健省は、1回の接種で効果が得られるロシア製ワクチン「スプートニク・ライト」の使用を承認しました。このワクチンは、昨年から使用されている「スプートニクV」と同じ成分であり、1回の接種で79.4％の有効性が確認されています。ガマレヤ研究所は、1回の接種で済むため、より多くの人に短期間で予防接種を行えると説明しています。プーチン大統領は、このワクチンを称賛し、カラシニコフ銃と同じくらい信頼できると述べました。スプートニクVは、アデノウイルスの株を利用して免疫反応を引き起こすワクチンであり、高い予防効果が認められています。,"ロシア保健省は1回接種型のワクチン「スプートニク・ライト」を承認した。これは2回接種型の「スプートニクV」と同じ成分だが、1回の接種で79.4%の有効性があるとされている。開発元のガマレヤ研究所は、接種回数が少ないためより多くの人に短期間で接種可能だと説明している。プーチン大統領はスプートニク・ライトをカラシニコフ銃のように信頼性が高いと称賛した。これは、もともとオーストリアの医師がスプートニクVについて述べた言葉である。
"
4,314,['3'],['3'],永久凍土の専門家は、2070年までに米アラスカ州の永久凍土が解け始めるとの予想を示した。研究者らは凍土に含まれるメタンガスが放出されることで、環境変動がさらに加速すると懸念している。,アラスカのフェアバンクス近郊にあるこの家は永久凍土が解けたことで崩壊した 永久凍土の研究で世界をリードするアラスカ大学のウラジーミル・ロマノフスキー教授はBBCに対し、凍土層の最近の温度上昇ペースは「信じがたい」ほどだと語った。 ロマノフスキー氏は、永久凍土の温度が過去4年間上昇したことで温暖化が本当だと感じたという。永久凍土の定義は、少なくとも過去2年間で温度が摂氏０度以下だった土を指す。 北半球では、北極付近を中心に約25％の地中に永久凍土がある。一部は南極やアルプス山脈地方にも存在する。凍土層は地下1メートルから1500メートルの間にある。 凍土が解けることで空気中に放出されると懸念されるメタンガスは、地球温暖化に大きく影響する。研究者の推計によれば、永久凍土に閉じ込められたメタンは、大気中に現存する炭素の2倍以上に相当する。 ＜英語ビデオ＞BBCのマット・マグラス編集委員が永久凍土の現場を取材した 急速に進む温度上昇 ロマノフスキー教授は永久凍土のモニタリングを実施する「Global Terrestrial Network for Permafrost」を主導している。同教授によると、アラスカ北部の永久凍土は2000年代以降、毎年約0.1度のペースで温度が上昇しているという。 永久凍土の種類を色分けした地図：連続永久凍土（濃紺）不連続永久凍土（紺色）散発的永久凍土（青）部分的永久凍土（水色）海中の永久凍土（薄水色）＜出典：国際永久凍土学会＞ ロマノフスキー教授はBBCに対し、「観測を始めた時には零下8度だったのが、いま北極海沿岸では零下2.5度近くになっている。信じがたいことだ」と語った。 アラスカでは、永久凍土の温度上昇で樹木が倒れたり、道路のゆがみや陥没が生じている。 クロトウヒの倒木が広がる「酔っ払い森」は永久凍土が解けた結果の一つだ 科学者たちは永久凍土が解ける過程はゆっくりで、臨界点のようなものはないという。さまざまな要因が絡む現象で、解けるスピードやその影響が北極地域全体で一定かどうかは分かっていない。 巨大な陥没が起きる懸念のある。ロシアのシベリア地方では昨年、いくつか確認されている。専門家らは、メタンが大量に放出されたことで、土などが吹き飛ばされ陥没穴を形成した可能性があるという。 間接的影響 ノーザン・アリゾナ大学のテッド・シューア教授は、これまでの技術の進歩をもってしても、永久凍土が解けるのを止めることはできないし、メタンの大気中への放出も止められないと認める。また、凍土の温度上昇に間接的な影響を及ぼしている要因として、山火事を挙げた。アラスカで今年起きた山火事の数は記録的な水準で、温められた空気に凍土が影響を受ける危険性が高まったという。 教授は、現在ドイツで準備が進み、12月にパリで開かれる国連気候変動枠組み条約第21回締約国会議（COP21）の取り組みが長期的な永久凍土の維持に不可欠だと指摘した。 「ボンとパリの会議がアラスカに来年またやって来る山火事の季節を変えることはできないが、人間の活動が排出する温暖化ガスを抑えることはでき、（温暖化を）コントロールするベストの方法だと思う」 （英語記事：Permafrost warming in parts of Alaska 'is accelerating'）,"アップルCEOのティム・クック氏は、FBIのiPhoneロック解除要請拒否は困難だが正しい判断だったとABCニュースのインタビューで語った。FBIはクック氏の説明を否定し、アップル社に最初に連絡したと主張している。クック氏は、FBIの要求は「がんのようなソフトウェア」開発に等しいと批判し、プライバシー保護の重要性を強調した。FBIはアップルが個人情報保護の危険性を誇張していると反論し、標的型ロック解除が可能だと主張している。世論は割れており、FBI支持が多いものの、プライバシーへの懸念も高まっている。
",翌23日に女王夫妻はバッキンガム宮殿の園遊会の冒頭で、被害者のため1分間の黙祷（もくとう）を捧げた フィリップ殿下は、王女から女王となった妻を70年以上にわたり支え続けた すべての写真の著作権は著作権者に帰属します （英語記事 Prince Philip: A life in pictures） ラ ス カ フ ェ ア バ ン ク ス 近郊 に あ る 家 が 永久 凍土 の 解 け に よ っ て 崩 壊 し た ア ラ ス カ 大学 の ウ ラ ジ ー ミ ル ・ ロ マ ノ フ ス キ ー 教授 は 永久 凍土 温度 昇 が 信 じ が た い ほ ど 速 い と 述 べ た 永久 凍土 は 北半球 の 約 25 ％ の 中 に 存在 し 解 け る こ と 地球 温暖 化 に 影響 を え る メ タ ン ガ ス が 放出 さ れ る ア ラ ス カ 北部 の 永久 凍土 2000 年代 以降 毎 年 約 0. 永久 凍土 の 解 け よ り 樹木 倒 れ や 道路 の ゆ が み や 陥 没 が 生 じ て い る 1 度 ペ ー ス 温度 が 昇 し て る 科学 た ち は 永久 凍土 の 解 け る ス ピ ー ド や 影響 が 一定 か ど う か 分 か っ い な い が 巨大 な 陥 没 が き る 可能性 も あ る,"{'should_shuffle': True, 'should_remove_sentence': True, 'should_remove_random_words': {'enabled': True, 'number': 12}, 'should_replace_words_with_lemma_form': {'enabled': False, 'number': 45}, 'should_replace_conjunctions': {'enabled': False, 'number': 5}, 'should_replace_ner': {'enabled': False, 'number': 0}, 'should_random_sentence_from_another_paper': {'enabled': True, 'number': 1}}",アラスカのフェアバンクス近郊にある家が永久凍土の解けによって崩壊した。アラスカ大学のウラジーミル・ロマノフスキー教授は、永久凍土の温度上昇が信じがたいほど速いと述べた。永久凍土は北半球の約25％の地中に存在し、解けることで地球温暖化に影響を与えるメタンガスが放出される。アラスカ北部の永久凍土は2000年代以降、毎年約0.1度のペースで温度が上昇している。永久凍土の解けにより、樹木の倒れや道路のゆがみや陥没が生じている。科学者たちは永久凍土の解けるスピードや影響が一定かどうかは分かっていないが、巨大な陥没が起きる可能性もある。,"アップルCEOのティム・クック氏は、FBIのiPhoneロック解除要請拒否は困難だが正しい判断だったとABCニュースのインタビューで語った。FBIはクック氏の説明を否定し、アップル社に最初に連絡したと主張している。クック氏は、FBIの要求は「がんのようなソフトウェア」開発に等しいと批判し、プライバシー保護の重要性を強調した。FBIはアップルが個人情報保護の危険性を誇張していると反論し、標的型ロック解除が可能だと主張している。世論は割れており、FBI支持が多いものの、プライバシーへの懸念も高まっている。
"
5,354,['4'],['4'],イギリス王室のケンブリッジ公爵ウィリアム王子（38）が今年4月に新型コロナウイルスに感染していたことが明らかになった。王室筋がBBCに語った。,ウィリアム王子 英王室では3月下旬にウィリアム王子の父、ウェールズ公チャールズ皇太子（71）の感染が判明しており、王子は同じ頃にウイルス検査で陽性と判定されたとみられる。 ウィリアム王子の感染を最初に報じた英紙ザ・サンによると、王子は国民を不安にさせないよう感染を公表しなかった。 王子は「色々と重要なことが起きている中で、誰にも心配をかけたくなかった」ため、誰にも陽性判定を伝えなかったと同紙は報じた。 王室専属の医師が王子の治療にあたった。王子は英政府の新型ウイルス対策ガイドラインに従い、ノーフォーク州サンドリンガムのエリザベス女王の保有地にある邸宅アンマー・ホールで隔離に入っていたという。 公式コメントは拒否 BBCのジョニー・ダイモンド王室担当編集委員は、王子の感染が公表されなかった背景について、国内の警戒ムードを高めたくなかったという王子側の意図を反映した可能性があるとした。 また、王室がプライバシーを保とうとしたこともあるとした。 公爵一家の公務を管理するケンジントン宮殿側は公式なコメントは拒否した。 報道によるとウィリアム王子は感染が判明した4月に、電話やビデオを使ったリモート公務を14件こなした。 4月上旬、王子は妻のケンブリッジ公爵夫人キャサリン妃と共に、イングランド北西部バーンリーにある小学校に通う、社会生活の維持に不可欠な仕事をしている親を持つ子どもたちとビデオ通話をした。 チャールズ皇太子は3月にウイルス検査で陽性と判定され、7日間の自主隔離を行った。症状は軽かった。 新型コロナウイルス特集 感染対策 （英語記事 Prince William 'contracted Covid-19 in April'）,"ウィリアム王子は4月に新型コロナウイルスに感染していたと報じられています。国民への不安を避けるため、この感染は公表されませんでした。王子はサンドリンガムにある自宅で隔離生活を送りながら、電話やビデオ通話で公務を続けました。ケンジントン宮殿はこの件に関する公式コメントを拒否しています。父チャールズ皇太子も3月に感染し、軽症で済みました。
",ウィリアム王子は、ウェールズ公チャールズ皇太子と同じく新型コロナウイルスに感染していたことが報じられた。しかし、王子は感染を公表せず、国民を不安にさせないために秘密にしていた。王子は専属の医師によって治療を受け、エリザベス女王の保有地にある邸宅で隔離されていた。王子の感染が公表されなかった背景には、国内の警戒ムードを高めたくなかったという意図や、王室のプライバシー保護のための配慮があるとされる。王子は感染が判明した後もリモート公務をこなし、ビデオ通話を通じて子どもたちと交流していた。,"{'should_shuffle': True, 'should_remove_sentence': False, 'should_remove_random_words': {'enabled': True, 'number': 14}, 'should_replace_words_with_lemma_form': {'enabled': False, 'number': 32}, 'should_replace_conjunctions': {'enabled': False, 'number': 6}, 'should_replace_ner': {'enabled': False, 'number': 0}, 'should_random_sentence_from_another_paper': {'enabled': False, 'number': 0}}",ウィリアム王子は、ウェールズ公チャールズ皇太子と同じく新型コロナウイルスに感染していたことが報じられた。しかし、王子は感染を公表せず、国民を不安にさせないために秘密にしていた。王子は専属の医師によって治療を受け、エリザベス女王の保有地にある邸宅で隔離されていた。王子の感染が公表されなかった背景には、国内の警戒ムードを高めたくなかったという意図や、王室のプライバシー保護のための配慮があるとされる。王子は感染が判明した後もリモート公務をこなし、ビデオ通話を通じて子どもたちと交流していた。,"ウィリアム王子は4月に新型コロナウイルスに感染していたと報じられています。国民への不安を避けるため、この感染は公表されませんでした。王子はサンドリンガムにある自宅で隔離生活を送りながら、電話やビデオ通話で公務を続けました。ケンジントン宮殿はこの件に関する公式コメントを拒否しています。父チャールズ皇太子も3月に感染し、軽症で済みました。
"
6,377,"['4', '4']","['3', '3']",アメリカのドナルド・トランプ大統領は24日、歴史的な株価下落が続くなか、米中央銀行の連邦準備理事会（FRB）を痛烈に批判した。大統領はかつて、近年の株価上昇は自分の手柄だと繰り返していた。,FRBのジェローム・パウエル議長（右）を眺めるトランプ大統領 トランプ氏はツイッターで、アメリカ経済にとってFRBが「唯一の問題」だと述べた。一方でスティーブン・ムニューシン財務長官は、投資家に落ち着くよう訴えた。 それでもダウ工業株平均はこの日、650ドル超下落。12月としては大恐慌の1931年以来最悪の下落率になりつつある。日本の日経平均株価は25日、前週末比1010円45銭（5.01%）安となった。 アメリカ政府の一部閉鎖や米中貿易摩擦のほか、大統領がFRBのジェローム・パウエル議長の解任を検討しているとの報道などの中、市場が混乱している。大統領は通常、政策をめぐりFRB議長を解任する権限はないとされる。 トランプ大統領はツイッターで、「我々の経済の唯一の問題はFRBだ。市場への感覚もなければ、必要な貿易戦争やドル高、国境問題をめぐる民主党による政府閉鎖といったことが分かってない。FRBはまるで空振りする強力なゴルフ選手みたいなものだ。パットができないんだ！」とFRBを批判した。 さらに、「僕はホワイトハウスにたった1人で（かわいそうな僕）、なんとしても必要な国境管理について民主党が戻ってきて合意をまとめるのを待っている。民主党が合意したくないと言っている間に、話題の国境の壁の費用はどんどんかさんでしまう。狂ってる！」と投稿した トランプ大統領は任期1年目、しばしばアメリカの株価上昇を自慢する発言を行っていたが、2018年に市場が低迷すると、批判をかわす方向に転じた。 23日には市場の混乱をおさえるため、ムニューシン財務長官がアメリカの6大金融機関の総裁に電話をかけるという異例の事態となった。 ムニューシン氏は24日、さらにFRBや市場監督機関などのトップにも連絡し、経済に対する懸念の緩和に努めた。 財務省の発表によると、ムニューシン氏はトランプ大統領の金融市場作業部会とも電話会談を行い、「通常の市場運営を確保するための協力について話し合った」という。 この作業部会には、アメリカの連邦準備制度や証券取引委員会、商品先物取引委員会のトップが名を連ねている。 投資家は何を懸念しているのか 24日は、米株式市場の歴史上、最悪のクリスマス・イブ取引となった。 ダウ工業株平均株価は653ドル落ち込み、2万2000ドルを切った。 S&P500種株価指数はいわゆる「弱気相場」入りが確認された。 アメリカ経済はデータ上ではなお力強いが、投資家らは国内外の経済成長の停滞を含むさまざまな要因を懸念している。 トランプ大統領の中国との貿易戦争や、ジェイムズ・マティス米国防長官の突然の辞任なども、投資家の不安をあおっている。 さらに、連邦議会がトランプ氏のメキシコ国境の壁をめぐる予算を居視したため、21日から一部政府機関が閉鎖していることも影響している。 この閉鎖は次に議会が開会する1月3日まで続く見通しだ。 米財務省の反応は？ 財務省は23日、ムニューシン財務長官と米金融機関トップとの会談の詳細を発表。こうした声明は異例のことだ。 ムニューシン氏のツイッターにも投稿された声明では、「（金融機関のトップが）消費者やビジネス市場、その他の市場運営に貸し付ける十分な流動性があることを認めた」ことが明らかになった。 ムニューシン氏はさらに、「アメリカ経済は引き続き力強い成長を見せている」と付け加えた。 財務長官はこれに先駆け、トランプ大統領が先週の政策金利引き上げを受けてパウエルFRB議長を解任する可能性があるという報道を否定した。 ムニューシン氏はツイッターで、大統領はパウエル議長を「辞めさせるとは一度も言っていない」し、自分にその権限があるとも思っていないと話していたと明らかにした。 ムニューシン財務長官 市場の反応は？ 財界識者からは、ムニューシン財務長官の介入がかえって市場を混乱させるとの指摘が出ている。 米紙ニューヨーク・タイムズのデボラ・ソロモン経済編集長は、「銀行をパニックで走り回らせたいなら、これは非常にいい方法だ」と皮肉った。 オバマ政権でジョー・バイデン前米副大統領の経済顧問を務めたジャレッド・バーンスタイン氏は米紙ワシントン・ポストに対し、「市場はすでに十分に神経質になっている」と指摘。「まるで、宇宙シールドは飛んでくる小惑星を防げないと、わざわざ発表するようなものだ。えー……そもそも飛んできてるなんて知らなかったのに」。 ニューヨーク・タイムズの経済コラムニスト、ポール・クルッグマン氏も、「これはすごい。ムニューシンはこの声明が出るまで誰も気にしていなかったことで、パニックを起こそうとしているみたいだ」と批判している。 ブルーダーマン・アセット・マネジメント役員のオリヴァー・パーシェ氏は、「投資家心理と、いつ急転するかもしれない市場の方向性を決めているのは、現時点ではほかならぬアメリカ政府と政界だ」と話した。 投資銀行ブラウン・ブラザーズ・ハリマンの国際通貨戦略トップ、ウィン・シン氏は英紙フィナンシャル・タイムズに対し、「良くて、ムニューシン氏は市場を安定させようと初歩的なミスを犯しただけだ。しかし最悪の場合、ムニューシンは市場の知らない何かを知っていることになる」と示唆した。 ＜分析＞あまりメリーではないクリスマス ――サミラ・フサイン、ビジネス記者、BBCニュース（ニューヨーク） 米財務長官が、金融機関との協議内容を公表するのは異例だ。しかし、ムニューシン氏はまさにそうした。 ムニューシン氏は金融市場を安定させようとしたのだが、翌24日の混乱をみると、結果は逆だった。 そこでトランプ大統領はあらためて、ツイッターでFRBを批判してみて雲行きを変えようとした。しかし、これにも思ったような効果なかった。株式市場では通常、クリスマス時期に株価が上がるものだが、投資家たちは今年、安全確保のために株式から距離を置いた。 ホワイトハウスが望んでいたような、おめでたいクリスマスとは言えなかった。 これは2019年にどう影響するだろうか？ かなりの部分は、ワシントンがどうなるかによる。政府閉鎖、貿易摩擦悪化、そして大統領のツイートで。 極めて明確になったことがひとつある。投資家の不安をホワイトハウスがなだめたいなら、メッセージの出し方がもっと上手にならないと駄目だ。 （英語記事 Market slide worsens as Trump savages Fed）,ア メ リ カ の 株 価 が 大幅 に 下落 し 1931 年 と し て は 12 月 悪 の 下落 率 と な っ て い る ト ラ ン プ 大統領 は FRB を 批判 し 市場 の 混乱 の 一因 と な っ て い る 財務長 官 は 市場 の 安定 化 を 図 っ た も の の 効 果 は な く 投資家 の 不安 は 高 ま っ て い る 政府 閉鎖 や 貿易 摩擦 大統領 の ツ イ ー ト な ど も 市場 に 悪 影響 を え て い る 後 の 市場 の 動向 は ア メ リ カ の 政治 状況 に き く 左右 さ れ る だ ろ う,アメリカの株価が大幅に下落し、市場が混乱している。トランプ大統領はツイッターでFRBを批判し、経済の問題はFRBだと述べた。一方、ムニューシン財務長官は投資家に落ち着くよう訴えたが、市場の混乱は収まらなかった。投資家は国内外の経済成長の停滞や貿易戦争、政府閉鎖などを懸念している。ムニューシン財務長官の介入は市場を混乱させる可能性があり、ホワイトハウスのメッセージの出し方に問題があると指摘されている。,"{'should_shuffle': False, 'should_remove_sentence': False, 'should_remove_random_words': {'enabled': False, 'number': 0}, 'should_replace_words_with_lemma_form': {'enabled': False, 'number': 0}, 'should_replace_conjunctions': {'enabled': False, 'number': 0}, 'should_replace_ner': {'enabled': True, 'number': 7}, 'should_random_sentence_from_another_paper': {'enabled': False, 'number': 0}}",アメリカの株価が大幅に下落し、市場が混乱している。トランプ大統領はツイッターでFRBを批判し、経済の問題はFRBだと述べた。一方、ムニューシン財務長官は投資家に落ち着くよう訴えたが、市場の混乱は収まらなかった。投資家は国内外の経済成長の停滞や貿易戦争、政府閉鎖などを懸念している。ムニューシン財務長官の介入は市場を混乱させる可能性があり、ホワイトハウスのメッセージの出し方に問題があると指摘されている。,"アメリカの株価が大幅に下落し、12月としては1931年以来最悪の下落率となっている。トランプ大統領はFRBを批判し、市場の混乱の一因となっている。財務長官は市場の安定化を図ったものの、効果はなく、投資家の不安は高まっている。政府閉鎖や貿易摩擦、大統領のツイートなども市場に悪影響を与えている。今後の市場の動向は、アメリカの政治状況に大きく左右されるだろう。
"
7,396,['4'],['4'],アメリカのドナルド・トランプ大統領は5日、テキサス州とオハイオ州で相次いで起きた銃乱射事件を受け、憎悪（ヘイト）や白人至上主義を非難する演説を行った。,トランプ氏、「悪の伝染」と闘う5つの政策 銃乱射受け ホワイトハウスでの演説でトランプ氏は、「引き金を引くのは銃そのものではなく、精神疾患と憎悪だ」と述べ、精神疾患を持つ人への銃規制や、大量殺人を行った犯罪者への死刑の適用、銃規制をめぐる党派を超えた協力などを求めた。 また、「アメリカは声をひとつにして、人種差別や偏見、白人至上主義を非難するべきだ。こうした悪のイデオロギーを打ち負かすべきだ。アメリカに憎悪の居場所はない」と話した。 一方、米連邦議会に提出されている銃規制法案への支持は表明しなかった。 テキサス州エルパソの商業地区では3日、22人が死亡、26人が負傷する銃乱射事件が発生。逮捕されたパトリック・クルシアス容疑者は、ヒスパニック系住民への憎悪を示す内容をインターネットに投稿していた。 警察はこの事件を国内テロとして捜査すると発表すると共に、容疑者を第一級殺人罪で訴追した。 また、4日未明にはオハイオ州デイトンでも銃の乱射事件が起き、9人が死亡、27人がけがをした。犠牲者には銃撃犯のコナー・ベッツ容疑者の妹も含まれていた。 容疑者は現場で警察に射殺されており、犯行の動機は明らかになっていない。 ＜関連記事＞ トランプ大統領は演説でさまざまな政策を説明。政府機関とソーシャルメディア企業の連携や、精神疾患関連法の改正、アメリカ文化に存在する「暴力礼賛」を終わらせることなどを挙げた。 また、本人や第三者を傷つける可能性のある銃保持者から法機関が銃を取り上げられる「レッドフラグ法」の導入を訴えた。 トランプ氏は、政府機関は一丸となってこうした暴力行為を行いそうな人物を特定し、銃火器を入手できないようにすべきだと語り、銃撃を行う可能性のある人物を監禁する可能性も示唆した。 また、司法省には憎悪犯罪（ヘイトクライム）や大量殺人の犯人に死刑を適用するための法案を策定するよう指示したと明らかにした。 デイトンでは犠牲者を悼む式典が開かれ、多くの市民が参加した インターネットやゲームを批判 大統領は社会で暴力が奨励されていることについて、インターネットや「おぞましい」ビデオゲームのせいだと批判した。 「今日は、問題を抱えた若者がいとも簡単に暴力を称賛する文化に囲まれてしまう。今すぐにこれを阻止するか大幅に軽減するべきだ」 しかしトランプ氏は、自身の不法移民に対する強硬発言には言及しなかった。野党側は、トランプ氏の一連の発言が人種差別的な攻撃を増やしていると非難している。 また、演説前にはツイッターで、銃火器の売買に身元確認を義務付ける法案を「深刻に求められている移民改革」とパッケージで承認すべきだと述べていたが、演説では身元確認については語らなかった。 代わりにトランプ氏は、「実現可能なアイデアであれば何でも協議する用意がある」と述べ、共和党と民主党は「党派を超えてこの伝染病と戦うべきだ」と語った。 演説の最後には、銃撃のあったオハイオ州デイトンをトリードと言い間違え、批判を浴びた。 エルパソでは犠牲者を悼む白い十字架が設置され、人々が祈りを捧げた 演説への反応は 下院では2月、民主党が銃火器の売買に身元確認を義務付ける法案を承認したが、共和党が過半数を占める上院はまだこの法案の審議を始めていない。 連邦議会は、ここ数年増加している銃乱射事件を受けて銃規制法の成立を求められているものの、共和党は、民主党発の法案は違憲で効果がないとしている。 民主党幹部のナンシー・ペロシ下院議長とチャック・シューマー上院院内総務は5日に共同声明を発表し、身元確認法案を承認するために夏季休暇を終わらせるよう求めた。 共同声明では、トランプ大統領が演説でこの法案に言及しなかったことを批判し、「銃による暴力を語っているのに銃について話せないのは、大統領がなお全米ライフル協会（NRA）と銃擁護派のロビー活動にとらわれている証拠だ」と述べた。 さらに、共和党のミッチ・マコネル上院院内総務が銃規制強化に無策だと非難した。 一方、共和党幹部のリンジー・グレアム上院議員は大統領演説を受け、民主党のリチャード・ブルメンソール議員と共同で、各州がレッドフラグ法を導入するための連邦施策を策定すると明らかにした。 またバラク・オバマ前大統領も声明を発表。直接トランプ氏には言及しなかったものの、「指導者の口から出てくる恐怖や憎悪を増幅させたり、人種差別的な考えを普通のことのように正常化したりする言葉を、きっぱり拒絶すべきだ」と呼びかけた。 （英語記事 Trump: US must condemn white supremacy）,ト ン 大統領 は 相次 ぐ 銃 乱射 事件 を 受 け 至上 な ど の 憎 悪 を 非難 し 国民 の 結束 を 呼 び か ま し 精神 疾患 を 持 つ へ の 銃 規制 強化 大量 殺 人犯 へ の 死刑 適用 レ ッ ド フ ラ グ 法 の 導入 な ど を 提案 し ま し た が 具体 な 規制 法案 へ の 支持 は 表明 し ま せ ん で し た 大統領 イ ン タ ー ネ ッ ト や ゲ ー ム の 影響 に も 言及 し 暴力 な 文化 を 批判 し ま し た し か し の 不法 移民 に 対 す る 強 硬 発 言 の 関連性 に は 触 れ ず 野党 ・ 共和党 か ら は 批判 の 声 が が っ て い ま す 共和党 身元確 認義務付 法案 早期 審議 を 求 め て お り 民主党 側 と の 対 立 も 深 ま っ て い ま す,トランプ大統領は、ホワイトハウスでの演説で、銃乱射事件に対する対策として、精神疾患を持つ人への銃規制や死刑の適用、党派を超えた協力を求めた。また、人種差別や偏見、白人至上主義を非難し、悪のイデオロギーに打ち勝つべきだと述べた。しかし、具体的な銃規制法案への支持は表明しなかった。テキサス州エルパソとオハイオ州デイトンでの銃乱射事件についても言及し、容疑者の逮捕や捜査の進展を報告した。演説に対しては、民主党が身元確認法案の審議を求める一方、共和党は違憲で効果がないと反対している。,"{'should_shuffle': False, 'should_remove_sentence': False, 'should_remove_random_words': {'enabled': True, 'number': 12}, 'should_replace_words_with_lemma_form': {'enabled': False, 'number': 40}, 'should_replace_conjunctions': {'enabled': False, 'number': 3}, 'should_replace_ner': {'enabled': True, 'number': 3}, 'should_random_sentence_from_another_paper': {'enabled': False, 'number': 0}}",トランプ大統領は、ホワイトハウスでの演説で、銃乱射事件に対する対策として、精神疾患を持つ人への銃規制や死刑の適用、党派を超えた協力を求めた。また、人種差別や偏見、白人至上主義を非難し、悪のイデオロギーに打ち勝つべきだと述べた。しかし、具体的な銃規制法案への支持は表明しなかった。テキサス州エルパソとオハイオ州デイトンでの銃乱射事件についても言及し、容疑者の逮捕や捜査の進展を報告した。演説に対しては、民主党が身元確認法案の審議を求める一方、共和党は違憲で効果がないと反対している。,"トランプ大統領は、相次ぐ銃乱射事件を受け、白人至上主義などの憎悪を非難し、国民の結束を呼びかけました。精神疾患を持つ人への銃規制強化、大量殺人犯への死刑適用、レッドフラグ法の導入などを提案しましたが、具体的な銃規制法案への支持は表明しませんでした。大統領はインターネットやゲームの影響にも言及し、暴力的な文化を批判しました。しかし、自身の不法移民に対する強硬発言との関連性には触れず、野党・民主党からは批判の声が上がっています。民主党は身元確認義務付け法案の早期審議を求めており、共和党側との対立も深まっています。
"
8,401,['2'],['4'],新型コロナウイルス感染者がヨーロッパ各地で増えていることについて、世界保健機関（WHO）の地域責任者は17日、「警鐘」として受け止めるべきだと述べた。世界の感染者数は同日、3000万人を超えた。,チェコでは1日あたりの感染者数が過去最多となった（17日、首都プラハ） 米ジョンズ・ホプキンス大学の集計では、17日（日本時間18日午前）現在、世界で確認された新型ウイルス感染者は累計約3006万人に上っている。 昨年末に中国で初めて新型ウイルスが確認されてから、94万4000人以上が死亡している。 ヨーロッパの状況については、WHOのハンス・クルーゲ欧州事務局長はデンマーク・コペンハーゲンで記者会見し、ここ2週間の間で大半の国で新型ウイルスの新規感染者が倍増したと指摘。 先週だけでも、欧州全体で約30万人の新規感染者が報告され、3月の流行ピーク時の1週間あたりの感染者数を上回ったと述べた。 そのうえで、「目の前で非常に深刻な事態が起きている」、「感染者数は検査の増加を反映しているが、警戒すべきペースでヨーロッパ中で感染が広がっていることも示している」と説明。 「私たち全員が警鐘として受け止めるべき」だと述べた。 入院者数と死者数は、スペインとフランスで増加傾向が見られるものの、欧州全体では急増はしていない。 新規感染者は若者の間で特に多い。若者は比較的、症状が深刻化しにくいものの、若者から高齢者など抵抗力の弱い人たちに広がり、深刻な病状につながることが懸念されている。 WHOによると、ヨーロッパではパンデミック（世界的流行）の発生以降、累計500万人の感染が確認されており、死者は22万8000人以上に達している。 「また反撃できる」 クルーゲ氏は、春から初夏にかけて実施されたロックダウン（都市封鎖）について、明確な効果がみられたと説明。「6月には感染者数が最低だった」とした。 ただ、「9月の感染者数は私たちに警鐘を鳴らしている」と付け加えた。 新型ウイルスの抑制については、対策が改善していると強調。「前にも反撃したし、また反撃できる」と述べた。 クルーゲ氏は今週に入り、ヨーロッパの死者数が10～11月に増加し、「厳しい状況になる」と警告していた。 ＜関連記事＞ 欧州の状況 イギリスでは、1日あたりの新規感染者数が5月中旬以降で最多レベルとなっている。集会に対する新たな規制が実施され、17日にはイングランド北東部の一部を対象とした、さらなる制限が発表された。 フランスは17日、1日あたりの感染者数が1万593人に上り、過去最多を記録。オリヴィエ・ヴェラン保健相は、新型ウイルスが「再び非常に活発化している」との認識を示した。 大都市リヨンとニースは19日までに、新たな対策を示すことになっている。ヴェラン氏とジャン・カステックス首相ら数人の閣僚は、新型ウイルス対策をめぐって訴訟を提起されている。 スペインでは16日に239人の死者が出て、6月以降の1日あたりでは最多となった。新規感染者の多くは首都マドリードで確認されており、当局は同市でのロックダウンを予定している。 チェコは1日あたりの感染者数が初めて2000人を超えた。首相は感染防止ルールを守るよう国民に呼びかけた。 オランダでも1日あたりの感染者数が過去最多となっている。政府は18日に新たな対策を発表するとみられている。 新型コロナウイルス特集 （英語記事 WHO warns Europe over 'very serious' Covid surge）,ミャンマー国軍はアウンサンスーチー国家顧問らの釈放を求める抗議活動が続いている。国軍は不正行為があったと主張し、再び選挙を実施すると約束しているが、証拠を示さずに主張している。イギリスとアメリカはアウンサンスーチー氏の訴追を批判しており、抗議活動は治安部隊によって弾圧されている。抗議者は平和的な集会を行っているが、一部では暴力的な衝突も起きている。抗議活動によって社会の混乱が生じており、医療従事者の不足や銀行の混乱も報告されている。,ミャンマー国軍はアウンサンスーチー国家顧問らの釈放を求める抗議活動が続いている。国軍は不正行為があったと主張し、再び選挙を実施すると約束しているが、証拠を示さずに主張している。イギリスとアメリカはアウンサンスーチー氏の訴追を批判しており、抗議活動は治安部隊によって弾圧されている。抗議者は平和的な集会を行っているが、一部では暴力的な衝突も起きている。抗議活動によって社会の混乱が生じており、医療従事者の不足や銀行の混乱も報告されている。,"{'should_shuffle': True, 'should_remove_sentence': False, 'should_remove_random_words': {'enabled': False, 'number': 0}, 'should_replace_words_with_lemma_form': {'enabled': False, 'number': 0}, 'should_replace_conjunctions': {'enabled': False, 'number': 0}, 'should_replace_ner': {'enabled': False, 'number': 0}, 'should_random_sentence_from_another_paper': {'enabled': False, 'number': 0}}",ミャンマー国軍はアウンサンスーチー国家顧問らの釈放を求める抗議活動が続いている。国軍は不正行為があったと主張し、再び選挙を実施すると約束しているが、証拠を示さずに主張している。イギリスとアメリカはアウンサンスーチー氏の訴追を批判しており、抗議活動は治安部隊によって弾圧されている。抗議者は平和的な集会を行っているが、一部では暴力的な衝突も起きている。抗議活動によって社会の混乱が生じており、医療従事者の不足や銀行の混乱も報告されている。,ミャンマー国軍はアウンサンスーチー国家顧問らの釈放を求める抗議活動が続いている。国軍は不正行為があったと主張し、再び選挙を実施すると約束しているが、証拠を示さずに主張している。イギリスとアメリカはアウンサンスーチー氏の訴追を批判しており、抗議活動は治安部隊によって弾圧されている。抗議者は平和的な集会を行っているが、一部では暴力的な衝突も起きている。抗議活動によって社会の混乱が生じており、医療従事者の不足や銀行の混乱も報告されている。
9,403,['4'],['4'],米ネット通販最大手のアマゾン・ドット・コムが22日、初のレジなしスーパーマーケットをシアトルで開店する。無人で、セルフレジもない新店舗は、私たちの食料雑貨の買い物に革命をもたらすかもしれない。,クリス・ジョンソン、BBCビジネス担当記者 利用者はスマートフォンの「Amazon Go」アプリをスキャンして入店する アマゾンはレジなし無人スーパー「Amazon Go」の試験運用を1年前に開始。同社従業員が試験的に使ってきた。 店舗の天井に並べた多数のカメラで個々の顧客を特定し、どの客がどの商品を選ぶかを追跡することによって、店内精算が不要になった。 会計は利用者が店を出る際に、クレジットカードに請求される仕組みだ。 客は入店前に「Amazon Go」のスマートフォンアプリを起動し、スキャンする必要がある。利用者が商品を取るごとに、商品棚のセンサーが作動して、料金が加算される。商品を棚に戻せば、会計から引かれる。 このスーパーは2016年12月にアマゾンの従業員向けに開店した。当初は一般向けにも、もっと早く開店する予定だったが、関係者によると、似た体型の客の区別ができなかったり、子供が商品を間違った棚に戻した場合に対応できなかったりと、いくつか問題が散発したため、立ち上がりが遅れた。 新装開店 アマゾン初のレジなし無人スーパーに入ってみた 「Amazon Go」の責任者を務めるジャナ・プリーニ氏は、試験期間の運用は順調だったと話す。「今までなかったテクノロジーで、最先端のコンピュータビジョンと機械学習を、一気に前に進めるものだった」。 アマゾンは、「Amazon Go」の店舗数を今後拡大するかどうかは、明らかにしていない。同社が昨年137億ドル（約1兆5000億円）で買収した米スーパー「ホールフーズ・マーケット」と、「Amazon Go」の運営とは切り離している。 数百カ所にあるホールフーズの店舗に、「Amazon Go」の技術を導入する計画は今のところない。 ただし、買い物がすばやくできるほうが客はリピーターになる可能性が高い。これは小売業者にとって常識だ。 スーパーのレジで延々並ぶいやな体験が過去のものになれば、小売業者にとっては他社との競争が一気に有利になる。 一方で、アマゾンが実店舗型の小売業に進出するのは、これが初めてではない。本社があるシアトルで2015年に、初の実店舗書店「アマゾン・ブックス」を開いた。米国内で現在、昨年ニューヨークで開いたものも含め12店展開している。また、ポップアップストアも複数展開している。 アマゾンは昨年、ニューヨークで実店舗の書店を開いた 昨年10月に発表した第3四半期決算で、アマゾンは初めて実店舗の売上を発表した。結果は12億8000万ドル（約1400億円）。しかし、そのほとんどが買収したホールフーズ・マーケットでの売上だった。 アマゾンにとって実店舗はまだ、大きな収益源ではないかもしれない。しかしアマゾンは、実店舗を通じてブランド認知度を高め、無料配送サービスなどを受けられる「プライム会員」の数を伸ばそうとしているというのが、複数のアナリストの見方だ。たとえばアマゾン・ブックスで本を買う場合、プライム会員でない人は通常価格を払うが、プライム会員はより安いネット価格で本を手に入れられる。 ブライアン・オルサブスキー最高財務責任者（CFO）は昨年10月、今後数カ月から数年にかけて、アマゾンが手掛ける小売店がさらに増えるはずだと示唆した。 オルサブスキー氏は当時、「我々はもっと拡大する。まだ早い段階にあるが、時間をかけてプランを発展させていく」と話していた。 （英語記事 Amazon opens a supermarket with no checkouts）,ウクライナの議員が公開した契約書とインボイスによると、マナフォート氏はヤヌコビッチ前大統領の顧問として働き、75万ドルの支払いを受けていたことが明らかになった。マナフォート氏はこれを否定しているが、証拠として署名も存在する。支払いはオフショア企業を通じて行われた。マナフォート氏はトランプ大統領の選対本部長を辞任せざるを得なくなった。また、ロシア政府との接触疑惑が浮上している。,ウクライナの議員が公開した契約書とインボイスによると、マナフォート氏はヤヌコビッチ前大統領の顧問として働き、75万ドルの支払いを受けていた。マナフォート氏はこれを否定しているが、証拠とされる署名もある。支払いはオフショア企業を通じて行われた。これにより、マナフォート氏とロシア政府との接触疑惑が浮上している。,"{'should_shuffle': True, 'should_remove_sentence': True, 'should_remove_random_words': {'enabled': False, 'number': 0}, 'should_replace_words_with_lemma_form': {'enabled': False, 'number': 0}, 'should_replace_conjunctions': {'enabled': False, 'number': 0}, 'should_replace_ner': {'enabled': True, 'number': 7}, 'should_random_sentence_from_another_paper': {'enabled': True, 'number': 2}}",,
10,417,['4'],['4'],15日に訪日するロシアのウラジーミル・プーチン大統領は、安倍晋三首相との会談で、第2次世界大戦後の平和条約締結を阻んできた火山諸島について話し合う。,ロシアのサンクトペテルブルクで行われたプーチン大統領と日本の岸田外相との会談（今月2日） 終戦直後のまだ何も合意がない時にロシアは南クリル諸島（千島列島南部）に侵攻した。 日本では北方領土として知られ、北海道とロシアのカムチャツカ半島との間に位置する。 日本政府は長年、4島の返還を求めてきたことから、平和条約は締結されなかった。 1951年に結ばれた日本と連合国との「サンフランシスコ講和条約」に旧ソ連は署名しなかったが、56年の「日ソ共同宣言」によって戦争状態を終わらせ、国交を回復した。 4島をめぐる対立が平和条約に立ちふさがるなかで、プーチン、安倍両氏は何十年も続いてきた対話を山口県長門市の温泉リゾートで続けることになる。 南クリル諸島とは？ 帰属が争われているのは列島の南端にある4つの島だ。 国後島、択捉島、色丹島、歯舞群島の4島で、一部は北海道本島から数キロしか離れていない。 4島には約1万2000人が住んでおり、漁業が主な産業になっている。 何が争われているのか 旧ソ連は1945年9月に侵攻し、何千もの家族を北海道本島に追いやった。 日本は4島に対する主権の譲渡を認めたことはない。そのため、4島の問題が解決するまで、第2次世界大戦での対立を正式に終わらせる平和条約の合意はできない。 戦後には、4島をめぐってさまざまな決定がされてきたが、現状を変えることはなかった。 国後島のユジノクリリスク（日本名・古釜布）に建てられているレーニン像（今月7日） 戦争末期の1945年に行われたヤルタ会談で、米国とソ連、英国はソ連がクリル諸島全てを得ることに合意した。しかし、1956年の日ソ共同宣言では、平和条約が締結され次第、色丹島、歯舞群島を返還することにソ連は同意した。平和条約は締結されなかった。 ソ連崩壊の後、自国への投資を必要とするロシアは1993年に同様の共同宣言に署名し、平和条約に向けた交渉の土台を作った。それも事態を進展させなかった。 なぜ解決できなかったのか 多くのロシア人が命を落とすことにつながったナチスとの同盟に参加していた国に、土地を渡すのを、ロシア国民は支持してこなかった。一方で、日本のナショナリストたちは、4島すべてが返還されるまで絶対妥協しないという態度だった。 クリル諸島全体は、ロシア軍にとって太平洋に展開するために非常に重要な地域だ。ロシア軍は日本がいつか拡張的な政策をとり、ロシアのルートを断つのではないかと恐れている。 さらに、諸島周辺には、価値の高いレアアースや炭化水素が埋蔵されている。 2010年には当時のメドベージェフ首相が国後島を訪れた 今回予想されるのは？ 日本が領土問題への態度を再考している兆候があり、平和条約締結後にまず小さい方の2島を返還を明示する1956年の共同宣言を復活させるかもしれない。 それでも、多くの専門家は最終的な結論は今週は出ないだろうと話している。 ロシアは、ウクライナをめぐる対立を受けて実施されている西側諸国と日本の経済制裁から打撃を受けており、経済成長率は低下している。そのためプーチン大統領は、日本企業との合意を取り付け、投資を呼び込もうとするだろう。 しかし日本政府は、経済制裁を損なうような経済協力には合意できないとの立場だ。 （英語記事 The islands in the way of WW2 peace deal between Russia and Japan）,第二次 世界 戦 後 条約 締結 の 障害 と な っ て い 北方 領土 問題 を め ぐ り ー チ ン 大統領 と ソ 連 外相 が 会談 を 行 い ま し 日本 は こ れ ら の 島 々 対 す る 主 権 を 主張 し て お り 返還 を 求 め い ま す が ロ シ ア 側 応 じ て い ま せ ん 北方 領土 は 千島 列島 南部 の 捉 島 択 国後島 色丹 島 歯 舞 群 島 か ら 成 り 第二次 世界 戦 終 戦 直 に 岸田 が 占領 し ま し た 1956 年 の 日 ソ 共同 宣言 で は 平和 条約 締結 後 に 色丹 島 と 歯 舞 群 島 を 返還 と さ れ ま す が 平和 条約 は 未 だ 締結 さ れ て い ま せ ん 今回 の で も 領土 問題 の 解決 に け た き な 進展 は 期待 さ れ て い ま せ ん Iranian students refuse to walk over US and Israeli flags イラン政府は当初、首都テヘランの近郊で8日に起きたウクライナ機墜落への関与を否定。,ロシアのプーチン大統領と日本の岸田外相の会談が行われ、南クリル諸島（北方領土）問題が話し合われた。日本政府は長年、4島の返還を求めてきたが、平和条約は締結されていない。ロシアは南クリル諸島を重要な地域とみなし、日本の拡張的な政策を恐れている。また、諸島周辺には価値の高い資源が埋蔵されている。日本は小さい方の2島の返還を求める可能性があるが、最終的な結論はまだ出ていない。ロシアは経済制裁により打撃を受けており、日本企業との合意を取り付けることを目指しているが、日本政府は経済協力には慎重な立場を取っている。,"{'should_shuffle': True, 'should_remove_sentence': True, 'should_remove_random_words': {'enabled': True, 'number': 13}, 'should_replace_words_with_lemma_form': {'enabled': False, 'number': 43}, 'should_replace_conjunctions': {'enabled': False, 'number': 6}, 'should_replace_ner': {'enabled': True, 'number': 6}, 'should_random_sentence_from_another_paper': {'enabled': True, 'number': 1}}",ロシアのプーチン大統領と日本の岸田外相の会談が行われ、南クリル諸島（北方領土）問題が話し合われた。日本政府は長年、4島の返還を求めてきたが、平和条約は締結されていない。ロシアは南クリル諸島を重要な地域とみなし、日本の拡張的な政策を恐れている。また、諸島周辺には価値の高い資源が埋蔵されている。日本は小さい方の2島の返還を求める可能性があるが、最終的な結論はまだ出ていない。ロシアは経済制裁により打撃を受けており、日本企業との合意を取り付けることを目指しているが、日本政府は経済協力には慎重な立場を取っている。,"第二次世界大戦後、平和条約締結の障害となっている北方領土問題をめぐり、プーチン大統領と岸田外相が会談を行いました。北方領土は、千島列島南部の国後島、択捉島、色丹島、歯舞群島から成り、第二次世界大戦終戦直後にソ連が占領しました。日本はこれらの島々に対する主権を主張しており、返還を求めていますが、ロシア側は応じていません。1956年の日ソ共同宣言では、平和条約締結後に色丹島と歯舞群島を返還するとされていますが、平和条約は未だ締結されていません。今回の会談でも、領土問題の解決に向けた大きな進展は期待されていません。
"
11,421,['2'],['4'],下水調査で新型コロナウイルスを探せば、既存の検査より最大で10日も早く感染の急増を「簡単」に検知できるかもしれない。,ヴィクトリア・ギル科学担当編集委員、BBCニュース イギリス国内に広がる下水道網の特定地点からサンプルを採取できる イギリスの生態水文学研究所（UKCEH）が率いる研究で、科学者たちは下水サンプルに含まれる新型コロナウイルス量を「数える」ための標準検査づくりに取り組んでいる。 「（兆候の）発見が早ければ早いほど、より素早く介入できる」と、主任研究員のアンドリュー・シンガー博士は述べた。 「そうすればこの危機下にあって、暮らしがもっと楽になる」 下水を通じて感染流行を特定 英ニューカッスルやバンガー、エディンバラなど複数大学の科学者ネットワークは、すでに地元の水道会社とチームを組み、下水処理施設から未処理の下水サンプルを収集している。 これが、下水を通じて感染のアウトブレイク（大流行）を特定するための第一段階だ。 英ダラムにあるノーザンブリアン下水処理施設 COVID-19（新型ウイルスによる感染症）のパンデミック（世界的流行）の初期には、感染者がウイルス物質を「排泄」することが研究で明らかになった。これが「下水疫学」への関心を引き起こした。 「下水道網の複数カ所で下水を採取することで、アウトブレイクの発生地域を徐々に絞り込める。そうすれば公衆衛生当局は、感染拡大リスクが最も高い地域に迅速に介入できる」と、シンガー博士は述べた。 「我々の研究者ネットワークにはすでに、対応可能な研究室が6つ参加しているので、全国的な監視システムは明日にでも実現できる」 下水に新型コロナウイルスが含まれるかどうかを把握できる検査方法は、すでに確立済みだという。現在は、下水道網の全体で定期的かつ確実に、感染レベルを測定する方法を開発中だ。 「遺伝子情報を解析すれば、ウイルスの有無は簡単に分かる」と、ニューカッスル大学のデイヴィッド・グレアム教授は説明した。「しかし、生死に関わる疫学のために、もっと正確なものにしたかった」。 グレアム氏と研究チームの仲間たちは現在、新型ウイルスの遺伝物質を数値化する方法を開発している。 新型コロナウイルスの遺伝子が示す特徴を、下水サンプルから検出できるという 「この方法では、標本に含まれるウイルス量を数えることができる」とグレアム氏は述べた。「各サンプルは、特定地域の下水を扱う処理施設から採取されているので、地域ごとのおおよその人数も分かる」。 現在のウイルス検査体制では1人の感染の有無を確認するのに、7日から10日かかると、グレアム氏は指摘。それに対して自分たちが開発中の検査方法では、「下水サンプルを採取し、翌日中には1人あたりの正確な数字を示すことができる」という。 「自分の地域で誰かが感染しているかどうか、これまでより少なくとも1週間早く伝えることができる」 精度などで問題も 研究者たちは、下水を使った新型ウイルス検査を、COVID-19警戒システムの一部として運用する前に、微調整をして実験結果を再現したい考えだ。 スペインを含む多くの国では下水の監視が始まっているが、初期の段階でいくつかの問題が発生した。スペイン･バルセロナで2019年3月に新型ウイルスが存在していたという検査結果は、実は研究所での汚染が原因だった可能性がある。 下水にはウイルス物質に作用し得る汚染物質も含まれており、正確な測定は難しい 下水ベースの監視システムの精度と有用性を最大化するためには、解決すべき問題が複数ある。水の中に入ったときに分解するウイルスの性質や、ほかの汚染物質の結果への影響、アウトブレクの実態を有用なかたちで示すにはイギリス全体のネットワークの中でサンプル採取場所はいくつ必要なのかなどだ。 「（下水調査は）明らかにやるべきだ。けれども、進行中のアウトブレイクについてやってみようと、検討されたことがない」のだと、シンガー博士は言う。 （英語記事 Coronavirus: Testing sewage an 'easy win'）,ひどい目に遭いますよ」とコメントした。 ハーディ教授は、「彼らはすべての状況に備えている。 ト ラ ン プ 大統領 の 司法 省 人事 が ロ シ ア 疑惑 捜 査 に 影響 を え る 可能性 が あ る ロ ー ゼ ン ス タ イ ン 司法 副 長 官 は ト ラ ン プ 大統領 と の 面談 が 予定 さ れ て お り 解任 の 可能性 も 報 じ ら れ て い る ロ ー ゼ ン ス タ イ ン 氏 は ロ シ ア 疑惑 捜 査 を 指揮 し て お り 捜 査 の 結果 複 数 の ト ラ ン プ 陣 営 幹部 が 司法 取引 に 応 じ て い る ト ラ ン プ 大統領 は 疑惑 捜 査 を 否定 し て お り ロ ー ゼ ン ス タ イ ン 氏 の が 注目 さ れ て い る,トランプ大統領の司法省人事がロシア疑惑捜査に影響を与える可能性がある。ローゼンスタイン司法副長官はトランプ大統領との面談が予定されており、解任の可能性も報じられている。ローゼンスタイン氏はロシア疑惑捜査を指揮しており、捜査の結果、複数のトランプ陣営幹部が司法取引に応じている。トランプ大統領は疑惑捜査を否定しており、ローゼンスタイン氏の去就が注目されている。,"{'should_shuffle': False, 'should_remove_sentence': True, 'should_remove_random_words': {'enabled': False, 'number': 0}, 'should_replace_words_with_lemma_form': {'enabled': False, 'number': 0}, 'should_replace_conjunctions': {'enabled': False, 'number': 0}, 'should_replace_ner': {'enabled': True, 'number': 4}, 'should_random_sentence_from_another_paper': {'enabled': True, 'number': 2}}",トランプ大統領の司法省人事がロシア疑惑捜査に影響を与える可能性がある。ローゼンスタイン司法副長官はトランプ大統領との面談が予定されており、解任の可能性も報じられている。ローゼンスタイン氏はロシア疑惑捜査を指揮しており、捜査の結果、複数のトランプ陣営幹部が司法取引に応じている。トランプ大統領は疑惑捜査を否定しており、ローゼンスタイン氏の去就が注目されている。,トランプ大統領の司法省人事がロシア疑惑捜査に影響を与える可能性がある。ローゼンスタイン司法副長官はトランプ大統領との面談が予定されており、解任の可能性も報じられている。ローゼンスタイン氏はロシア疑惑捜査を指揮しており、捜査の結果、複数のトランプ陣営幹部が司法取引に応じている。トランプ大統領は疑惑捜査を否定しており、ローゼンスタイン氏の去就が注目されている。
12,425,"['4', '4']","['4', '3']",オバマ米大統領が今月27日、広島を訪問することになった。日米政府が10日、発表した。1945年8月の原爆投下以来、現職の米大統領による訪問は初めてとなる。ホワイトハウスは、原爆投下について謝罪はしないと言明している。,原爆投下から70年を数えた昨年8月6日の広島平和記念式典 大統領報道官は文書で、「大統領は安倍首相と共に、広島へ歴史的な訪問をする。核兵器のない世界の平和と安全保障を、いかに引き続き追求するか浮き彫りにするためだ」と発表した。 大統領の広報顧問を務めるローズ副補佐官はツイッターで、謝罪はしない方針について「第2次世界大戦で尽くしたこの国の民間指導者や軍で働いた人々を、米国は永遠に誇りに思う」と書き、オバマ氏は「第2次世界大戦の終わりで原爆を使用するという決定について見直さない。代わりに、両国が共有する未来に集中した前向きな展望を示す」と説明した。さらに副補佐官は、大統領の訪問が「戦争で失われたすべての罪のない人々の思い出を尊重する機会となる」と書いた。 広島にはこれまでカーター元大統領が退任後の1984年に訪れているが、現職の訪問は初めてとなる。今年4月11日にはケリー米国務長官が現職で最も高位の米政府高官として広島を訪れ、平和記念公園の原爆死没者慰霊碑に献花した。この際にホワイトハウス関係者は米メディアに、国務長官訪問を参考に大統領訪問の是非を判断すると明らかにした。 オバマ大統領は21日～28日にかけて、日本とベトナムを歴訪する予定で、その一環として広島訪問が実現するはこびとなった。三重県の伊勢志摩で開かれる主要7カ国のサミットにも出席し、安倍首相と会談する。 日本訪問の前にはベトナムを訪れ、米・ベトナム関係について協議する。 1945年8月6日の史上初の原爆投下で、広島では14万人が死亡。続く長崎への原爆投下と合わせて、第2次世界大戦の終戦につながったとされている。 オバマ大統領の広島訪問 長年のタブー破る,"オバマ大統領が広島を訪問する。これは現職アメリカ大統領としては初の歴史的な訪問となる。訪問の目的は、核兵器のない世界を追求することであり、原爆投下についての謝罪は行わない。オバマ大統領は過去ではなく未来に焦点を当て、戦争犠牲者を追悼する意向を示している。ケリー国務長官の訪問を参考に、実現に至った。
",昨年8月6日、広島で行われた平和記念式典において、オバマ大統領は安倍首相と共に広島を訪れることを発表した。大統領報道官は、この訪問が核兵器のない世界の平和と安全保障を追求するためのものであると述べた。大統領の広報顧問は、謝罪はしない方針であることをツイッターで明らかにし、オバマ氏は第二次世界大戦での原爆使用について見直さないと説明した。広島訪問は、戦争で亡くなった人々の思い出を尊重する機会となると述べられた。オバマ大統領は、日本とベトナムを歴訪する予定であり、広島訪問はその一環として実現することになった。,"{'should_shuffle': True, 'should_remove_sentence': True, 'should_remove_random_words': {'enabled': True, 'number': 12}, 'should_replace_words_with_lemma_form': {'enabled': False, 'number': 45}, 'should_replace_conjunctions': {'enabled': False, 'number': 2}, 'should_replace_ner': {'enabled': True, 'number': 8}, 'should_random_sentence_from_another_paper': {'enabled': True, 'number': 1}}",,
13,430,['4'],['3'],ドイツの連邦議会選が終わった日の夜、与党・キリスト教民主同盟（CDU）の党本部に到着したアンゲラ・メルケル氏は疲れ切って、緊張した様子だった。,ジェニー・ヒルBBCベルリン特派員 メルケル氏による連立与党の形成には数カ月かかる可能性がある 車から降りると、まずカメラに、次に集まった支持者たちに顔を向け、笑顔を作った。 メルケル首相はこの選挙に勝利するだろうとは分かっていた。しかしメルケル氏が、そしてCDUが願っていたような勝利ではなかった。メルケル政権の下では、保守派にとって最悪の選挙結果となった。約100万人の難民に国の門戸を開いたメルケル氏の決定に対する、審判が出たのかもしれない。 党員たちを前に、メルケル氏は過去4年間が困難なものだったと認めた上で、それでもCDUは目標だった第1政党の座は確保したと呼びかけた。 歓声は少しむなしく響いた。選挙の本当の勝者は「ドイツのための選択肢」（AfD）だったのだから。 街の向こう側では、選挙結果が明らかになるなか、青と白の風船に包まれた部屋で反移民、反EUを掲げる政党の党員たちが歓声を上げていた。初めてブンデスターク、つまり連邦議会で議席を得るだけでなく、メルケル氏率いる保守派のCDUと最大のライバル政党、社会民主党（SPD）に続く第3政党となったのだ。 AfDの共同党首の一人、アレクサンドル・ガウラント氏は自ら議席を得た。勝ち誇った顔で、熱狂する大勢の人たちに向け、AfDがメルケル氏を追い詰めると語った。 「自分たちの国と民族を取り戻す」。第2次世界大戦後のドイツでは異例のスローガンだ。 しかしAfDのあからさまに排外的な選挙運動と、メルケル氏の集会をたびたび台無しにしたやじも、ほぼ例を見ないものだった。勝利を祝うパーティーとなった会場の外では、多くの人にとって衝撃的だった政治的出来事に抗議する反AfDのデモに、警察官たちが目を光らせていた。 右翼国家主義政党Afdに抗議する人たちが集会を開いた ドイツ政治の混沌とした一日が終わった。投票日と同じ日に年に一度のベルリン・マラソンが開催された首都ベルリンにとってもそうだった。 この国の心臓部は分裂の危機と不満を抱えている。マラソン走者たちがゴールする様を見守る観衆の中で、右翼国家主義者たちの台頭に恐怖を覚えているという、ある男性に取材した。 「彼らはヒトラー政権下のナチス党のようだ」と彼は話す。「私は1939年生まれで、戦争孤児でした。私は廃墟の中で育ちましたが、再びこんな状態だ。彼らは犯罪者です。私は常にCDUに投票してきたし、アンゲラ・メルケルに（首相を）やってほしいと思っている」 メルケル氏は今、連立の相手を探さなければならない。AfDが招かれることはない。しかし、メルケル氏は自身の政党内の意見も含めて国民を説得する必要がある。自分が適任者であると。 長く熾烈（しれつ）な選挙戦だった。メルケル氏は選挙に勝ったかもしれないが、勝利の実感は薄いだろう。 この選挙は二つの理由から歴史に残ることになる。メルケル氏は4期目を手にしたが、同氏が戦った総選挙の中で最悪の結果となった。そして右翼国家主義者たちは国政の意思決定者に加わることになった。 他の欧州諸国の政治では当たり前だとみられていても、戦後ドイツでは考え難いこともあった。これからはもう、そうではない。 （英語記事 German election: A hollow victory for Angela Merkel）,"メルケル首相率いるCDUが勝利したものの、保守派としては最悪の選挙結果となった。難民受け入れ政策への反発から、反移民を掲げるAfDが第3党に躍進し、メルケル氏の政治手腕は厳しい審判を受けた。AfDはメルケル氏追及を宣言し、国を取り戻すと主張するなど、戦後ドイツでは異例な状況となった。メルケル首相は連立相手を探さなければならないが、国民の深い分断を前に、困難な道のりが予想される。今回の選挙は、メルケル氏の苦しい勝利と右翼勢力の台頭という点で歴史に刻まれるだろう。
",ド イ ツ の 総 選 挙 で メ ケ ル 首相 率 い る 保守派 の CDU は 100 万人 の 座 を 確保 し た も の 勝利感 薄 い 約 1 政党 の 難民 を 受 け 入 れ メ ル 氏 の 決定 に 対 す る 審判 と し て 右翼 国家 主義 ド ツ の た め 選 択 肢 AfD が 3 政党 に 躍進 た メ ル 氏 連立 の 相手 を 探 さ な け れ ば な ら な い が AfD は 招 か る こ と は な い AfD は 排外 な 選 挙 運動 を 展開 し メ ル ケ 氏 の 集会 を 妨害 す る な ど し た こ 選 挙 ド イ ツ に と っ て 歴 史 な 事 で あ り 右翼 国家 主義 政党者 が 国政 の 意思 決定者 に 加 わ る こ と に な っ た また、アイルランドのリオ・バラッカー首相がジョンソン氏の「迅速な回復」を願ったほか、フランスのエマニュエル・マクロン大統領も、ジョンソン氏が「この試練をすぐに克服する」ことを願っていると述べた。,"{'should_shuffle': True, 'should_remove_sentence': True, 'should_remove_random_words': {'enabled': True, 'number': 15}, 'should_replace_words_with_lemma_form': {'enabled': False, 'number': 36}, 'should_replace_conjunctions': {'enabled': False, 'number': 3}, 'should_replace_ner': {'enabled': True, 'number': 7}, 'should_random_sentence_from_another_paper': {'enabled': True, 'number': 1}}",ドイツの総選挙で、メルケル首相率いる保守派のCDUは第1政党の座を確保したものの、勝利感は薄い。約100万人の難民を受け入れたメルケル氏の決定に対する審判として、右翼国家主義政党「ドイツのための選択肢（AfD）」が第3政党に躍進した。AfDは排外的な選挙運動を展開し、メルケル氏の集会を妨害するなどした。メルケル氏は連立の相手を探さなければならないが、AfDは招かれることはない。この選挙はドイツにとって歴史的な出来事であり、右翼国家主義者が国政の意思決定者に加わることになった。,"メルケル首相率いるCDUが勝利したものの、保守派としては最悪の選挙結果となった。難民受け入れ政策への反発から、反移民を掲げるAfDが第3党に躍進し、メルケル氏の政治手腕は厳しい審判を受けた。AfDはメルケル氏追及を宣言し、国を取り戻すと主張するなど、戦後ドイツでは異例な状況となった。メルケル首相は連立相手を探さなければならないが、国民の深い分断を前に、困難な道のりが予想される。今回の選挙は、メルケル氏の苦しい勝利と右翼勢力の台頭という点で歴史に刻まれるだろう。
"
14,438,"['4', '4']","['3', '3']",米大統領選で当選確実となったジョー・バイデン氏は7日夜（日本時間8日午前）、地元デラウェア州ウィルミントンで「次期大統領」として初の演説をし、勝利を宣言した。同時に、アメリカを「分断するのではなく結束させる」と誓った。,勝利演説に臨んだバイデン氏（7日夜、米デラウェア州ウィルミントン） バイデン氏は、ドライブイン形式の会場に車で集まった大勢の聴衆を前に、「今はアメリカの癒やしの時だ」と述べた。 【米大統領選2020】 バイデン氏の勝利演説 「分断ではなく団結させる大統領に」 バイデン氏は3日投票の大統領選で、現職のドナルド・トランプ氏を激戦の末に破った。 トランプ氏はまだ敗北を認めていない。敗北の見込みをメディアが報じた時にはゴルフをしていたが、その後に公の場では発言していない。ツイッターでは自分が圧勝したと主張し、不正選挙だと非難を続けている。 今回の選挙結果を受け、トランプ氏は1992年以降で初めて再選されなかった大統領となる。 「分断ではなく団結」 バイデン氏はこの夜の演説で、「私は分断するのではなく団結させる大統領になると誓います。赤い州や青い州を見るのではなく、団結した州（合衆国）を見る大統領に、国民全員の信頼を勝ち取るために全身全霊で努力する大統領に」と宣言。 「私はアメリカの魂を取り戻するため、この国の根幹である中流層を立て直すため、アメリカを世界からもう一度尊敬される国にするため、国民を結束させるために大統領に立候補した」と述べた。 デラウェア州ウィルミントンにはバイデン氏の演説を聞こうと大勢が詰め掛けた また、記録的な投票率となった今回の選挙で、対立候補に投票した人たちには自分も落選したことがあるので「いまどれだけがっかりしているか分かります。けれども、お互いにチャンスをあたえましょう」と述べた。 さらに、双方の支持者に「今は辛らつな物言いをやめて、温度を下げるべきときです。互いに向き合い、互いの言葉を聞くべきときです」、「前に進むため、対抗する相手を敵として扱うのをやめなくてはなりません」と呼びかけた。 今回の大統領選でいまのところ、バイデン氏は得票数約7500万票（得票率約51％）、トランプ氏は得票数約7080万票（得票率約48％）となっている。 バイデン氏はさらに、新型コロナウイルスの対策委員会を発足させ、来年1月の大統領就任直後から、決めたことを実行できるようにすると表明した。 アメリカでは新型ウイルスのパンデミックにより、世界最多の23万7000人以上が亡くなっている。バイデン氏は選挙戦で、新型ウイルスの感染拡大を抑えると強調していた。 「準備できている」とハリス氏 バイデン氏に先立ち、女性、黒人、アジア系アメリカ人として初の次期副大統領となったカマラ・ハリス氏が登壇した。 【米大統領選2020】 「私が最後ではない」 ハリス上院議員の勝利演説 ハリス氏は、「今回の選挙ではこの選挙では民主主義そのものが問われていました。アメリカの魂そのものが危険にさらされていました。世界中が見守る中、皆さんがアメリカの新時代を招き入れたのです」と演説。 「みなさんは希望、団結、謙虚さ、誠実、そしてそう、真実を選びました」、「みなさんは次期アメリカ大統領にジョー・バイデンを選んだんです」と語りかけた。 そして、「この先の道のりは楽ではないでしょうが、アメリカは準備ができています。ジョーと私も準備ができています」と言葉に力を込めた。 ＜関連記事＞ ハリス氏はまた、今回の選挙結果がもたらした歴史的な瞬間についても言及。「私は副大統領になる最初の女性かもしれませんが、最後ではありません。今夜これを見ている全ての小さい女の子が、アメリカは可能性の国だと理解するからです」と述べた。 会場には演説が始まる前から、興奮状態の人々が大勢詰め掛けた。 【米大統領選2020】 カマラ・ハリス氏はなぜ歴史的な副大統領候補なのか トランプ氏の反応は トランプ氏はバイデン氏の当選確実が報じられて以降、公の場で発言していない。ただツイッターで、圧勝したのは自分で、選挙で不正があったとのこれまでの主張を繰り返した。ツイッター社はそれらの投稿に、「異議が唱えられて」いると注意書きを付けた。 トランプ氏はバイデン氏の当選確実が報じられた7日、ホワイトハウスに戻った トランプ氏は今回の選挙で、米大統領選史上で2番目に多い7000万以上の票を獲得した。 開票作業がまだ続く中、一方的に勝利を宣言。さらに、証拠を示すことなく、集計で不正行為があったと主張した。 バイデン氏の当選確実が報じられた後も、強気の姿勢を維持。バイデン氏について、「不当に勝者として振る舞っている」とし、選挙は「終わりにはほど遠い」と訴えた。 ホワイトハウスはバイデン氏の勝利宣言に先立つ7日夜、「大統領は、自由で公平な選挙の結果を受け入れる」、「トランプ政権はあらゆる法定要件に従っている」との声明を出した。 トランプ氏の支持者らの一部は集会を開き続けた トランプ陣営は、さまざまな州で裁判を起こしている。 共和党の有力議員らは沈黙している。共和党全国委員会のロナ・マクダニエル委員長は、「選挙の勝者を決めるのはメディアではない、投票者だ」とツイートした。 ただ、トランプ氏に批判的な同党のミット・ロムニー上院議員（2012年大統領選の共和党候補）は、バイデン氏とハリス氏を祝福。ロムニー氏と妻は、「2人が善人で立派な人格の人だと承知している」と述べた。 これからどうなる 大統領選では、米主要メディアなどの「当選確実」を候補者らが受け入れ、敗れた側は敗北宣言をするのが通例だが、トランプ氏は開票結果について争うと表明している。 ジョージア州では再集計が予定されており、トランプ氏はウィスコンシンでも再集計に持ち込みたい考え。選挙不正があった証拠を示さないまま主張しており、連邦最高裁まで争う構えを見せている。 開票結果について争う場合は、まず州裁判所に訴訟を提起する。州裁判所が訴えを認め、再集計を命じた場合、これを不服とする側は連邦最高裁に撤回の決定を求めることができる。 現在もいくつかの州で開票作業は続いており、最終的な認証がなされない限り、公式の確定結果は出ない。確定結果が出るまで、各州とも数週間かかる。 12月14日には、選挙人が大統領選の正式な当選者を決める投票が開かれる。各州はそれまでに、開票結果を確定させる必要がある。 新たな大統領の任期は来年1月20日に始まることが、合衆国憲法で決まっている。 （英語記事 Biden vows to 'unify' country in victory speech）,クイーンのギタリスト、ブライアン・メイさんは、フレディー・マーキュリーさんの命名された小惑星を発表しました。小惑星は「フレディーマーキュリー」と命名され、フレディーの誕生日を祝うための栄誉です。小惑星の位置や大きさ、構成成分、周回軌道などのデータも発表されました。メイさんはまた、フレディーマーキュリーが火星と木星の軌道の間にある小惑星群に位置していることを説明しました。フレディーの70回目の誕生日を祝う式典も行われました。,クイーンのギタリスト、ブライアン・メイさんは、フレディー・マーキュリーさんの命名された小惑星を発表しました。小惑星は「フレディーマーキュリー」と命名され、フレディーの誕生日を祝うための栄誉です。小惑星の位置や大きさ、構成成分、周回軌道などのデータも発表されました。メイさんはまた、フレディーマーキュリーが火星と木星の軌道の間にある小惑星群に位置していることを説明しました。フレディーの70回目の誕生日を祝う式典も行われました。,"{'should_shuffle': True, 'should_remove_sentence': False, 'should_remove_random_words': {'enabled': False, 'number': 0}, 'should_replace_words_with_lemma_form': {'enabled': False, 'number': 0}, 'should_replace_conjunctions': {'enabled': False, 'number': 0}, 'should_replace_ner': {'enabled': False, 'number': 0}, 'should_random_sentence_from_another_paper': {'enabled': False, 'number': 0}}",クイーンのギタリスト、ブライアン・メイさんは、フレディー・マーキュリーさんの命名された小惑星を発表しました。小惑星は「フレディーマーキュリー」と命名され、フレディーの誕生日を祝うための栄誉です。小惑星の位置や大きさ、構成成分、周回軌道などのデータも発表されました。メイさんはまた、フレディーマーキュリーが火星と木星の軌道の間にある小惑星群に位置していることを説明しました。フレディーの70回目の誕生日を祝う式典も行われました。,クイーンのギタリスト、ブライアン・メイさんは、フレディー・マーキュリーさんの命名された小惑星を発表しました。小惑星は「フレディーマーキュリー」と命名され、フレディーの誕生日を祝うための栄誉です。小惑星の位置や大きさ、構成成分、周回軌道などのデータも発表されました。メイさんはまた、フレディーマーキュリーが火星と木星の軌道の間にある小惑星群に位置していることを説明しました。フレディーの70回目の誕生日を祝う式典も行われました。
15,439,['4'],['4'],オバマ米大統領は29日、英国が欧州連合（EU）からの離脱を決めたことについて、「世界経済の成長への長期的な懸念」を生じさせていると語った。,北米首脳会談に出席したオバマ米大統領（29日、オタワ） カナダ・オタワで開かれた北米首脳会議に出席したオバマ大統領は、英国のEU離脱によって「英国や欧州全体に対する投資の可能性」が失われると指摘した。 オバマ氏はさらに、英国のEU離脱で混乱が起きることがないよう欧州の指導者らに求めた。 一方、ブリュッセルで28日に続いて29日も開かれたEU首脳会議は、英国を除く27カ国の首脳らが出席して行われた。首脳会議に英国が参加しなかったのは40年以上ぶり。 オバマ大統領は、先週23日に英国で実施された国民投票の結果、EU離脱が決まった後も、各国の中央銀行や財務省が準備を怠らなかったことで、「短期的には世界経済は安定を保つ」との見通しを示した。 ブリュッセルのEU首脳会議に出席した欧州委員会のユンケル委員長（写真左）とトゥスクEU大統領 しかし、「ブレグジット（Brexit＝英国のEU離脱）が実際に進めば、世界経済の成長に影響するという、長期的な視点からの強い懸念が生じていると思う。それは英国や欧州全体に対する投資の可能性を失わせてしまう」と指摘し、「世界経済の成長率がすでに低いなかで、あまり助けにならない」と述べた。 オバマ氏はさらに、環太平洋経済連携協定（TPP）の批准に向けた努力を続けると約束し、自由貿易を強く擁護した。今秋の大統領選で共和党の候補になる見通しの実業家ドナルド・トランプ氏はTPPへの反対を表明している。 オバマ氏は、トランプ氏の名前は出さなかったものの、「米国史には、デマゴーグ（扇動家）が反移民感情を悪用した時期が何度もあったが、どうなっただろうか。彼ら（移民）は到着し続けた」と語った。 オバマ氏はさらに、英国やドイツに対するメッセージとして、「みんな息を継ぐことだ。（EU離脱は）困難で、面倒なプロセスになるだろうが、パニックする必要はない」と述べた。 メルケル独首相は、人やモノなどの移動の自由は単一市場に不可欠だと語った オバマ大統領は、ドイツのメルケル首相と連絡を取ったことを明らかにし、メルケル首相が求めているのは、（英国に対する）懲罰ではなく、離脱がうまくいくことだと語った。 メルケル首相は、ほかのEU首脳らと同様、EU市民の域内の自由な移動は単一市場とは切り離せない、と主張している。さらに、英国との離脱交渉は、正式な離脱の通告があるまで行われないとしている。 首脳会談を終えた27カ国の首脳らは声明で、「単一市場にアクセスを得るためには、4つの自由すべてを認める必要がある」と述べた。4つの自由とは、域内におけるモノ、労働者、サービスと資本の移動の自由を指す。 キャメロン英首相は、英議会に対し、移動の自由をめぐる問題の解決は難しいものになると述べた。「正直に言って、ものごとを変えるためのさまざま交渉方法があるEUの内側にいても難しいのに、外部から働きかけるのはもっと難しくなる」と語った。 キャメロン英首相（29日） （英語記事 Brexit: Obama warns on global growth after UK vote）,保護者となったジェイムズ･スニードさんとキンバリー・スニードさんは19日、容疑者に暴力的な傾向があるなどまったく知らなかったと複数のメディアに話した。 生徒のエマ・ゴンザレスさん（18）はBBCに対して、政治家は行動するよう「白紙委任状」を渡されているのだと話した。 マーフィー議員の地元コネチカット州は2012年12月、小学校で26人が殺害された乱射事件の現場となった。 中国 商務省 は TikTok と ウ ィ ー チ ャ ッ ト の ダ ウ ン ロ ー ド を 禁止 す る と 発 表 し ま し た ウ ィ ー チ ャ ッ ト は 11 月 12 日 に 中国 国内 で の サ ー ビ ス が 停止 さ れ TikTok は 20 日 ま で 利用 で き ま す ト ラ ン プ 政 権 は 米 企業 が デ ー タ を 渡 す 可能性 を 懸念 し て い ま す が 米 側 は 否定 し て い ま す TikTok は 決定 に 失望 し 透明性 を 追加 し た と 主張 し て い ま す 米 の 騰訊 控股 は 決定 に 残念 な が ら 協議 を 続 け る と 述 べ ま し た ウ ィ ー チ ャ ッ ト の 送金 や 支 払 い は 11 月 12 日 か ら で き な く な り ま す ト ラ ン プ 氏 は TikTok の 合意 が す ぐ に 成立 す る と 信 じ て い ま す 中国 商務省 は 20 日 ま で 猶予 を え て い ま す が 期限 を 過 ぎ る と 一部 の 取引 が 禁止 さ れ ま す ト ラ ン プ 氏 の 動機 は は っ き り し て い ま せ ん が 交 渉 の 時間 は ま だ 残 さ れ て い ま す TikTok の ダ ウ ン ロ ー ド が 禁止 さ れ て も ア プ リ は 機能 し 続 け ま す が 20 日 に は 低下 す る 可能性 が あ り ま す,米商務省は、TikTokとウィーチャットのダウンロードを禁止すると発表しました。ウィーチャットは20日に米国内でのサービスが停止され、TikTokは11月12日まで利用できます。トランプ政権は中国企業がデータを渡す可能性を懸念していますが、中国側は否定しています。TikTokは決定に失望し、透明性を追加したと主張しています。中国の騰訊控股は決定に残念ながら協議を続けると述べました。トランプ氏はTikTokの合意がすぐに成立すると信じています。ウィーチャットの送金や支払いは20日からできなくなります。米商務省は11月12日まで猶予を与えていますが、期限を過ぎると一部の取引が禁止されます。トランプ氏の動機ははっきりしませんが、交渉の時間はまだ残されています。TikTokのダウンロードが禁止されてもアプリは機能し続けますが、11月12日からは低下する可能性があります。,"{'should_shuffle': True, 'should_remove_sentence': True, 'should_remove_random_words': {'enabled': False, 'number': 0}, 'should_replace_words_with_lemma_form': {'enabled': False, 'number': 0}, 'should_replace_conjunctions': {'enabled': False, 'number': 0}, 'should_replace_ner': {'enabled': True, 'number': 7}, 'should_random_sentence_from_another_paper': {'enabled': True, 'number': 3}}",米商務省は、TikTokとウィーチャットのダウンロードを禁止すると発表しました。ウィーチャットは20日に米国内でのサービスが停止され、TikTokは11月12日まで利用できます。トランプ政権は中国企業がデータを渡す可能性を懸念していますが、中国側は否定しています。TikTokは決定に失望し、透明性を追加したと主張しています。中国の騰訊控股は決定に残念ながら協議を続けると述べました。トランプ氏はTikTokの合意がすぐに成立すると信じています。ウィーチャットの送金や支払いは20日からできなくなります。米商務省は11月12日まで猶予を与えていますが、期限を過ぎると一部の取引が禁止されます。トランプ氏の動機ははっきりしませんが、交渉の時間はまだ残されています。TikTokのダウンロードが禁止されてもアプリは機能し続けますが、11月12日からは低下する可能性があります。,米商務省は、TikTokとウィーチャットのダウンロードを禁止すると発表しました。ウィーチャットは20日に米国内でのサービスが停止され、TikTokは11月12日まで利用できます。トランプ政権は中国企業がデータを渡す可能性を懸念していますが、中国側は否定しています。TikTokは決定に失望し、透明性を追加したと主張しています。中国の騰訊控股は決定に残念ながら協議を続けると述べました。トランプ氏はTikTokの合意がすぐに成立すると信じています。ウィーチャットの送金や支払いは20日からできなくなります。米商務省は11月12日まで猶予を与えていますが、期限を過ぎると一部の取引が禁止されます。トランプ氏の動機ははっきりしていませんが、交渉の時間はまだ残されています。TikTokのダウンロードが禁止されてもアプリは機能し続けますが、11月12日には低下する可能性があります。
16,482,['2'],['4'],戦果は勝者へ……。戦うキツネの生々しい姿をとらえたアマチュア写真家の写真が13日、 ロンドン自然史博物館主催の野生生物写真コンテスト で最優秀作品に選ばれた。,「二狐物語」――ドン・グトスキさんの写真は生と死の対称性をとらえた 撮影したのはドン・グトスキさん。カナダ・マニトバ州のワパスク国立公園で、死闘の末にアカギツネがホッキョクギツネの遺体をくわえて立ち去ろうとする瞬間をとらえた。 グトスキさんはBBCニュースに「自分がこれまで撮った中で最高の写真だ」と話している。 「頭と体と尻尾がシンメトリー（対称）になっていて。顔の表情まで」 ワパスク国立公園はハドソン湾沿岸にあり、アカギツネとホッキョクギツネの生息地が重なり合う。 アカギツネの方が体が大きいため、ホッキョクギツネを見つければ捕獲しようとする。 2種類のキツネが戦う様子を見たというガイドたちの報告はあったが、撮影に成功するのは珍しい。 コンクールの審査員のひとり、米誌「ナショナル・ジオグラフィック」のキャシー・モランさんは、恐ろしい場面なのにそのむごさは驚くほど抑制されていると評価する。 「残酷な印象はまったく受けない。むしろ、まるでアカギツネが冬の上着を脱いだところみたいだと最初に思った」 自然史をテーマにした企画担当のモランさんはさらに、気候変動について強いメッセージを含む写真だと指摘。 「北極や亜北極の気温が上がると、アカギツネは北上し、ホッキョクギツネの生息地に入れるようになる。するとこういう対立関係が頻発することになる」 コンテストを主催するロンドン自然史博物館での授賞式で、グトスキさんの優勝が発表された。100カ国近くから応募のあった4万2000点から選ばれた作品は、「二狐物語」と名付けられ、16日から同博物館で展示された後、各地を巡回する。 この写真でチェコのオンドレイ・ペラネクさんが「若い野生生物写真家」の部で優勝した もうひとつの主要部門が「若い野生生物写真家」部で、今年は「戦うエリマキシギ」を撮影したチェコの14歳、オンドレイ・ペラネクさんが選ばれた。 浅瀬を歩くエリマキシギの雄（英名＝ruff）は、求愛シーズンになると乱暴な行動をとることで知られる。 「多くの大人の写真家が撮ろうとした瞬間を、オンドレイは見事にとらえた」と審査員のモランさんは評価する。 「生々しい写真だ。これはという行動が全部画面に収まっている。写真に求める要素がすべて一瞬に凝縮されている。撮影したのが若い写真家だというのも、作品をさらに多層的なものにしている」 「水中」部門の最優秀作品はオーストラリアのマイケル・オウさんが撮影。アフリカ南部トランスカイ沖でイワシの「ベイト・ボール」（球形群）の中を突き進むニタリクジラ 「報道写真」（単品）の最優秀作は、独・英のブリッタ・ヤシンスキさんが中国・桂林の七星公園で撮影した「Broken Cats」。「飼いならされた猫」という意味のほかに、「壊れた猫」という意味もある。見世物にされているトラやライオンは牙と爪を抜かれている。 「鳥」部門ではイスラエルのアミル・ベン＝ドブさんの作品が最優秀に選ばれた。5日かけてニシアカアシチョウゲンボウを撮影したもので、このショットは5日目の最後の5分でようやくとらえることに成功した。 「空から」部門ではスペイン・アンダルシア沖のバヒア・デ・カディス自然公園の湿地帯に広がる「水の華」（藻類の大量発生）をとらえたスペインのペレ・ソレルさんの1枚が選ばれた 「都会」部門ではイギリスのリチャード・ピータースさん撮影の「シャドー・ウォーカー（影を歩くもの）」が選ばれた 「両生類・爬虫類」部門では、川の水面を移動するイモリを下から撮ったオランダのエドウィン・ギースバーズさんの「静物」が選ばれた 「15～17歳」部門では、フランスのジョナタン・ジャゴさんがブラジル北東部沿岸で撮影したトキの写真が優勝した 「印象画」部門ではスペインのホアン・タピアさんが優勝。スペイン南部アルメリアでツバメが古い倉庫の出入りに使っていた壊れた窓枠の上に、壊れたキャンバスを置く演出をして撮影した。,新型コロナウイルスが中国の研究所から流出したという説について、まだ確定的な証拠はない。アメリカの外交公電によると、中国の研究所の安全性に問題があるという警告があったが、具体的な情報は不明。ウイルスを扱う研究所は安全基準に従っており、最も危険な病原体を扱うBSL-4施設の運営状態に懸念が指摘されている。しかし、新型ウイルスの出所はまだ明確ではなく、コウモリ由来の可能性が高いとされている。現在、アメリカと中国はこの問題について調査を進めている。,それが今では、誰もがツイッターに不満を抱いている。 大統領が言っているのはそのことです」 トランプ氏の極右団体リツイート ホワイトハウスが擁護 つまり、トランプ氏はもっと大きいテーマの話をしているのであり、映像の実際の内容は関係ないというのだ。 新型 コ ロ ナ ウ ル ス が 中国 の か ら 流出 し た と い う 説 に つ て ま だ 確定 な 証 拠 は な い イ ル ス を 扱 う 研究所 は 安全 基準 に 従 っ て お り も 危 険 な 病原体 を 扱 う BSL - 4 施設 の 運 営 状態 に 懸念 が 指摘 さ れ て い る ア メ 外交 に よ る と 中国 の 研究所 の 安全性 に 問題 が あ る と い う 警告 が あ た が 具体 な 情報 は 不明 し か し 新型 ウ イ ル ス の 出所 は ま だ 明確 で は な く コ ウ モ リ 可能性 高 い と さ れ て る 現在 ア メ リ カ と 中国 は こ の 問題 つ い て 調 査 を 進 め て い る それよりもむしろ、問題の投稿がそのまま放置されていることの方が、よほどびっくりする。,"{'should_shuffle': True, 'should_remove_sentence': True, 'should_remove_random_words': {'enabled': True, 'number': 13}, 'should_replace_words_with_lemma_form': {'enabled': False, 'number': 39}, 'should_replace_conjunctions': {'enabled': False, 'number': 3}, 'should_replace_ner': {'enabled': False, 'number': 0}, 'should_random_sentence_from_another_paper': {'enabled': True, 'number': 3}}",新型コロナウイルスが中国の研究所から流出したという説について、まだ確定的な証拠はない。アメリカの外交公電によると、中国の研究所の安全性に問題があるという警告があったが、具体的な情報は不明。ウイルスを扱う研究所は安全基準に従っており、最も危険な病原体を扱うBSL-4施設の運営状態に懸念が指摘されている。しかし、新型ウイルスの出所はまだ明確ではなく、コウモリ由来の可能性が高いとされている。現在、アメリカと中国はこの問題について調査を進めている。,新型コロナウイルスが中国の研究所から流出したという説について、まだ確定的な証拠はない。アメリカの外交公電によると、中国の研究所の安全性に問題があるという警告があったが、具体的な情報は不明。ウイルスを扱う研究所は安全基準に従っており、最も危険な病原体を扱うBSL-4施設の運営状態に懸念が指摘されている。しかし、新型ウイルスの出所はまだ明確ではなく、コウモリ由来の可能性が高いとされている。現在、アメリカと中国はこの問題について調査を進めている。
17,485,['2'],['4'],日本の皇太子妃雅子さまは9日、来年5月に皇后となることについて「心許（こころもと）ない」と不安を示す一方、日本国民のために力を尽くすと、文書で発表した。,12月4日に公表された皇太子さまと雅子さまの写真。愛犬の由莉（ゆり）と写っている 現在84歳の天皇陛下は、年齢と健康を理由に、皇太子さまに天皇位を譲ることが決まっている。 雅子さまは長年、ストレス性の適応障害を患っているが、徐々に回復してきており、より多くの公務を行いたいと意欲を示した。 雅子さまは米ハーバード大学と英オックスフォード大学で学び、1993年のご成婚前には外交官としてのキャリアが約束されていた。 BBCのアジア・アナリスト、マイケル・ブリストウ記者は、雅子さまが非常に保守的な皇室での生活に悩まされてきたと解説した。 ＜関連記事＞ 雅子さまはこの日、55歳の誕生日を迎えて感想を発表。「この先の日々に思いを馳（は）せますと、私がどれ程のお役に立てますのか心許ない気持ちも致します」と書いた。 「国民の幸せのために力を尽くしていくことができますよう、研鑽（けんさん）を積みながら努めてまいりたいと思っております」 また、天皇陛下が譲位する前の最後の年になることに触れ、「深い感慨」と「寂しさ」を感じていると書いている。 雅子さまの治療に当たる東宮職医師団によると、雅子さまはストレスを原因とし、うつや不安と関連がある「適応障害」を患っている。 雅子さまは、自身の健康についてはゆっくりと回復していると述べ、「少しずつ果たせる務めが増えてきましたことをうれしく思っております」と書いている。 東宮職医師団は別の声明で、雅子さまが治療を続け、過度の圧力にさらされないことが大事だと発表した。 「（雅子さまは）依然としてご快復の途上にいらっしゃって、ご体調には波がおありです」 「一生全力でお守りする」 ご夫妻は1993年に結婚 皇太子さまと雅子さま（旧姓・小和田雅子さん）は1986年、スペインの王女を招いたパーティーで出会ったと伝えられている。 数カ国語が堪能な雅子さまは、外交官試験に受かったばかりだった。 雅子さまは当初、皇室に入ることをためらっていたものの、1993年に皇太子さまとの結婚を承諾した。 雅子さまは後に、皇太子さまの「皇室に入られることにはいろいろ不安もおありでしょうけれども、雅子さんのことは僕が一生全力でお守りしますから」という言葉で結婚を決めたと話している。 ご夫妻は男子の後継者を期待されていたが、2001年に娘の愛子さまを授かった。 2004年、皇太子さまはメディアに対し、雅子さまが皇室の環境に適応するために「疲れ切ってしまって」いると発言。雅子さまのキャリアや人格を「否定する動き」があったと皇室関係者を非難した。 その後、10年間にわたって雅子さまは公の場にあまり姿を現さなかったが、近年には前より多くの公務に参加している。 赤坂御苑で開かれた秋の園遊会に出席した皇太子さまと雅子さま （英語記事 Japan princess 'insecure' over new role ）,出生率の低下により、ほぼ全ての国が人口減少に直面する可能性があります。スペインや日本を含む23カ国では、2100年までに人口が半減すると予測されています。出生率の低下は、教育や避妊の進歩により女性が少ない子どもを選ぶようになったためです。この問題は世界的な課題であり、高齢化が進むことで税金や医療費、介護などの問題が生じます。移民を活用する方法もありますが、解決策は明確ではありません。アフリカ地域の人口は増加する一方で、人種差別の問題も重要になってきます。出生率の基準値は2.1であり、これを下回ると人口が減少します。専門家は、移民が不可欠な存在となる可能性があると指摘しています。,出生率の低下により、ほぼ全ての国が人口減少に直面する可能性があります。スペインや日本を含む23カ国では、2100年までに人口が半減すると予測されています。出生率の低下は、教育や避妊の進歩により女性が少ない子どもを選ぶようになったためです。この問題は世界的な課題であり、高齢化が進むことで税金や医療費、介護などの問題が生じます。移民を活用する方法もありますが、解決策は明確ではありません。アフリカ地域の人口は増加する一方で、人種差別の問題も重要になってきます。出生率の基準値は2.1であり、これを下回ると人口が減少します。専門家は、移民が不可欠な存在となる可能性があると指摘しています。,"{'should_shuffle': True, 'should_remove_sentence': False, 'should_remove_random_words': {'enabled': True, 'number': 12}, 'should_replace_words_with_lemma_form': {'enabled': False, 'number': 45}, 'should_replace_conjunctions': {'enabled': False, 'number': 4}, 'should_replace_ner': {'enabled': False, 'number': 0}, 'should_random_sentence_from_another_paper': {'enabled': False, 'number': 0}}",出生率の低下により、ほぼ全ての国が人口減少に直面する可能性があります。スペインや日本を含む23カ国では、2100年までに人口が半減すると予測されています。出生率の低下は、教育や避妊の進歩により女性が少ない子どもを選ぶようになったためです。この問題は世界的な課題であり、高齢化が進むことで税金や医療費、介護などの問題が生じます。移民を活用する方法もありますが、解決策は明確ではありません。アフリカ地域の人口は増加する一方で、人種差別の問題も重要になってきます。出生率の基準値は2.1であり、これを下回ると人口が減少します。専門家は、移民が不可欠な存在となる可能性があると指摘しています。,出生率の低下により、ほぼ全ての国が人口減少に直面する可能性があります。スペインや日本を含む23カ国では、2100年までに人口が半減すると予測されています。出生率の低下は、教育や避妊の進歩により女性が少ない子どもを選ぶようになったためです。この問題は世界的な課題であり、高齢化が進むことで税金や医療費、介護などの問題が生じます。移民を活用する方法もありますが、解決策は明確ではありません。アフリカ地域の人口は増加する一方で、人種差別の問題も重要になってきます。出生率の基準値は2.1であり、これを下回ると人口が減少します。専門家は、移民が不可欠な存在となる可能性があると指摘しています。
18,489,['4'],['4'],英スコットランド西部のラノック原野で20日、白い虹に見える「霧虹」の見事な様子が撮影された。,写真家のメルビン・ニコルソンさんが原野で撮影していたところ、「信じられないほど美しい」白い虹が出現したという。 「霧を作る細かい水滴が集まった、無色の虹」だとニコルソンさんは説明。「目にするのは素晴らしいことで、普通は自分が太陽を背にしていないと見られない」という。 風雨にさらされた木が1本だけぽつんと立っている上を、白い虹が囲んでいる構図のおかげで、完成度の高い写真になったとニコルソンさんは話す。 「まったく魔法のようで、ずっと長いこと忘れられない、そういう1日だった」 同じような「霧虹」は同日、ラノック原野から少し北東に離れたケアンゴームスでも撮影されている。 アンディー・ルークさんが撮影した「霧虹」 ケアン・ロハンの山頂近くからこの写真を撮影した登山家のアンディー・ルークさんは、「かなり見事だった」と話している。 （英語記事 Amazing white rainbow snapped over Scottish moor）,ロ ア は シ リ ア の ア レ ッ ポ で の 空爆 を 一時 停止 す る と 表 し ま し し か し 国連 は 12 時間 の 停止 が 必要 だ と 述 べ て い ま す レ で は 子供 含 む 一家 14 が 空爆 で 死亡 し 激 し い 空爆 が 続 い て い ま す ロ シ と リ ア 政府 軍 の 行為 は 戦 争 犯罪 に た る 可能性 が あ と 欧州 連合 が 非難 し て い ま ロ シ ア 政府 こ れ 否定 し て い ま 被害者男性は病院で手当てを受けた後、退院しているという。 警察によると、被害者の白人男性は容疑者の1人と顔見知りで、暴行を受ける最大48時間前に拉致されていた可能性がある。,ロシアは、シリアのアレッポでの空爆を一時停止すると発表しました。しかし、国連は12時間の停止が必要だと述べています。アレッポでは、子供を含む一家14人が空爆で死亡し、激しい空爆が続いています。ロシアとシリア政府軍の行為は戦争犯罪に当たる可能性があると欧州連合が非難しています。ロシア政府はこれを否定しています。,"{'should_shuffle': False, 'should_remove_sentence': True, 'should_remove_random_words': {'enabled': True, 'number': 14}, 'should_replace_words_with_lemma_form': {'enabled': False, 'number': 34}, 'should_replace_conjunctions': {'enabled': False, 'number': 4}, 'should_replace_ner': {'enabled': True, 'number': 3}, 'should_random_sentence_from_another_paper': {'enabled': True, 'number': 2}}",ロシアは、シリアのアレッポでの空爆を一時停止すると発表しました。しかし、国連は12時間の停止が必要だと述べています。アレッポでは、子供を含む一家14人が空爆で死亡し、激しい空爆が続いています。ロシアとシリア政府軍の行為は戦争犯罪に当たる可能性があると欧州連合が非難しています。ロシア政府はこれを否定しています。,ロシアは、シリアのアレッポでの空爆を一時停止すると発表しました。しかし、国連は12時間の停止が必要だと述べています。アレッポでは、子供を含む一家14人が空爆で死亡し、激しい空爆が続いています。ロシアとシリア政府軍の行為は戦争犯罪に当たる可能性があると欧州連合が非難しています。ロシア政府はこれを否定しています。
19,494,['3'],['3'],中国の王毅外相は7日、北朝鮮に対して「迫りくる危機を回避するため」ミサイルや核開発の実験を停止するよう提案した。,北朝鮮の国営メディアは、ミサイル発射時を撮影したとする映像を放送した 現在北京で開かれている全国人民代表大会（全人代＝国会）に出席した王氏は、北朝鮮がミサイル実験などを停止する代わりに、米国と韓国が合同軍事演習を止めることができると語った。 朝鮮半島での有事を想定した合同軍事演習は定例となっているが、北朝鮮は毎回、強く反発している。 北朝鮮は6日早朝に日本海に向けて弾道ミサイル4発を発射させた。国営朝鮮中央通信は翌日、ミサイル発射は在日米軍基地を標的として想定していたと伝えた。 ミサイル発射を受けて米国は、韓国で地上配備型迎撃システム「終末高高度防衛（THAAD）」の配備を始めた。 王外相は朝鮮半島情勢について、「2つの列車がお互いに向かって加速しながら走り、どちらも譲る意思がない」ような状態にたとえ、「お互い本当に衝突するつもりなのか」と懸念を示した。 王外相は、双方による軍事活動の停止が、緊張を和らげ交渉を再開する最初の一歩になると述べた。 6日に発射されたミサイルのうち3発が日本の排他的経済水域（EEZ）内に落ちたことを受け、安倍晋三首相とドナルド・トランプ米大統領は、「脅威は新たな段階になっている」との認識で一致している。 国連安全保障理事会は全会一致でミサイル発射を強く非難し、国際的な義務の深刻な違反であり、地域の安定を脅かしていると述べた。 8日も会合を開く予定の安保理は、北朝鮮に対して「さらに重大な措置をとる」と警告し、新たな制裁を科す可能性を示唆した。 THAADの一部の配備が開始された（7日、韓国・平沢市） 一方、米国は、韓国内のTHAAD配備に対する中国の反発の鎮静化に努めている。 THAADは北朝鮮のミサイル攻撃から韓国や在韓米軍を守るのが目的。7日には、THAADの一部が運びこまれた。 オバマ前政権時代に米韓が合意したTHAAD配備をめぐっては、中国や韓国で反対する動きが出ていた。 THAAD配備地域の住民は、攻撃の標的にされる可能性を懸念している。また中国は、THAADのレーダーは防衛目的を越えた機能を持ち、米国の軍事力が地域に侵入しているのを示していると主張し、「我々の安全保障を守るため、必要な措置を断固としてとる」と述べた。 米国務省のマーク・トナー報道官は7日の会見で、THAAD配備について、「中国やそのほかの主要国にとっての脅威にする意図はなく、実際に脅威ではないことは、我々と中国との対話ではっきりさせている」と述べ、中国の懸念を和らげようとした。 トナー報道官は、北朝鮮による「挑発的な行動や行為」に対応するため、米国は地域の関係国に「積極的に連絡を取っている」と語った。 同報道官はさらに、ティラーソン国務長官が来週、韓国と日本、中国を初訪問する際に、北朝鮮について協議すると述べた。 （英語記事 China calls on N Korea to suspend missile and nuclear tests）,当社が意図していた逆の効果だ」と述べた。 北朝 鮮 が 日本海 に け 弾 道 サ イ ル 4 を 発 射 し 3 発 が 日本 の EEZ に 弾 た 国 営 メ デ ィ ア は 日 米 軍 基地 を 標 に し た と 報道 し て い る こ れ を 受 け 米韓 は サ イ ル 射 配備 を 開始 し が は 反 発 し て い る 国連 安保 理 は THAAD を 非難 更 な る 制裁 を 示唆 し の サ ル 外相 は 米韓 の 合同 軍事 演習 停止 と 引 き 換 え に 北朝 鮮 の ミ 王毅 実 験 停止 を 提案 し フェイスブックは出版社なので、ほかの関連記事をいくつか載せるだけでは不十分だ」 「今の時代には、エスタブリッシュメントに反対し、事実を基にした報道に懐疑的な人たちがいる。 「従来通り、ある記事が事実確認の結果、問題ありだと分かったら、その記事をすでに共有した人たちにすぐに通知を送る」 ソーシャルメディア企業が偽情報やプロパガンダの拡散に対処しない場合、規制を受けるべきだとの批判の声も上がっている。,北朝鮮の国営メディアは、ミサイル発射時を撮影した映像を放送した。北朝鮮の外相は、合同軍事演習を止める代わりにミサイル実験を停止する提案をした。北朝鮮はミサイル発射を行い、米国は韓国にTHAADの配備を始めた。北朝鮮の外相は、軍事活動の停止が緊張を和らげる最初の一歩になると述べた。国連安保理はミサイル発射を非難し、新たな制裁を科す可能性を示唆した。中国はTHAADの配備に反対し、住民は攻撃の標的にされる可能性を懸念している。米国は中国の懸念を和らげるために努力している。,"{'should_shuffle': True, 'should_remove_sentence': True, 'should_remove_random_words': {'enabled': True, 'number': 13}, 'should_replace_words_with_lemma_form': {'enabled': False, 'number': 42}, 'should_replace_conjunctions': {'enabled': False, 'number': 3}, 'should_replace_ner': {'enabled': True, 'number': 4}, 'should_random_sentence_from_another_paper': {'enabled': True, 'number': 3}}",北朝鮮の国営メディアは、ミサイル発射時を撮影した映像を放送した。北朝鮮の外相は、合同軍事演習を止める代わりにミサイル実験を停止する提案をした。北朝鮮はミサイル発射を行い、米国は韓国にTHAADの配備を始めた。北朝鮮の外相は、軍事活動の停止が緊張を和らげる最初の一歩になると述べた。国連安保理はミサイル発射を非難し、新たな制裁を科す可能性を示唆した。中国はTHAADの配備に反対し、住民は攻撃の標的にされる可能性を懸念している。米国は中国の懸念を和らげるために努力している。,"北朝鮮が日本海に向けて弾道ミサイル4発を発射し、3発が日本のEEZ内に着弾した。  国営メディアは、在日米軍基地を標的にしたと報道している。  これを受け、米韓はTHAAD配備を開始したが、中国は反発している。  中国の王毅外相は、米韓の合同軍事演習停止と引き換えに、北朝鮮のミサイル実験停止を提案した。  国連安保理はミサイル発射を非難し、更なる制裁を示唆した。
"
20,502,['4'],['2'],イギリスの下院で9日、テリーザ・メイ首相が欧州連合（EU）とまとめた離脱協定をめぐる審議が再開された。,保守党議員がメイ政権に造反する事態が続いている 下院では元法務長官のドミニク・グリーヴ議員（保守党）が、下院が離脱協定を否決した場合の代替案の提出期限について、修正案を提出した。政府は反対したが、保守党議員17人が造反し、308対297の賛成多数で可決された。 下院では15日に離脱協定の採決が行われる予定で、9日は5日間にわたる審議の初日。15日に協定が否決された場合、政府は代替案を21日以内に提出するというのが、これまでの見通しだった。 しかし、グリーヴ議員は、代替案の提出期限を議会開催日で3日以内とする修正案を提出。これが可決されたため、離脱協定否決の際に政府は今月21日までに代替案を提出しなくてはならなくなった。離脱協定否決の場合、2度目の国民投票などの代替案が提示される可能性も出てきた。 首相官邸は、メイ首相の協定は国益を約束するものだと強調した一方、下院で否決された場合、政府は「即時に対応する」としている。 今回造反したジャスティーン・グリーニング議員、サム・ギマー議員、ジョー・ジョンソン議員などは、2度目の国民投票で再度、離脱の是非を問うべきだとしている。 下院では前日の8日にも、合意なしブレグジット（イギリスのEU離脱）の場合に税制への政府権限を制限する超党派の修正案を可決。メイ首相は24時間で2回、与党からの造反に遭い、下院からノーを突きつけられた格好だ。 ＜関連記事＞ グリーヴ議員は、危機回避のため、離脱協定の代替案について政府と議会は「真剣に協議」してもらいたいと話した。 グリーヴ議員はITV番組「Peston」に出演し、離脱協定が否決された場合の対処はメイ首相に委ねられるだろうが、首相がどのような動議を提出しても、議会は7日以内に速やかに投票できるようになると説明した。 また、メイ首相には離脱協定の再考を下院に要求する権利もあるが、下院はそれに「別の方法を見つけるように」と答えることもできると話した。 同じく造反したサラ・ウォラストン議員は、自分を含めて合意なしブレグジットに反対する議員たちは、議会は決して合意なしブレグジットに同意しないと示すため、「ゲリラ活動」に参加しているのだと述べた。 代替案の提出期限をめぐる採決の結果。賛成（For）には労働党をはじめとする野党に加え、17人の保守党議員が造反し加わった。一方、反対（Against）には保守党と、メイ首相と閣外協力する独立統一党（DUP）が回ったが、過半数には届かなかった 一方、保守党のEU離脱派で合意なしブレグジットを推進しているジェイコブ・リース＝モグ議員は、それでも3月29日のEU離脱は避けられないと指摘した。 「審議するまでもなく、動議をひとつ提出するだけでいい」 また、メイ首相の離脱協定を支持するローリー・スチュアート法務担当閣外相は、3日間でEUとの複雑な交渉を再開し、修正案を持って返れと首相に要求するのは「理不尽だ」と語った。 スチュアート閣外相は、グリーヴ議員は「自分が求める2度目の国民投票を実現しようとしている」と指摘した。 首相官邸は、9日の敗北の影響を検討するとした上で、政府はこれまでも結論を先延ばしするのではなく、確かな見通しをできるだけ早く提供しようとしてきたと述べた。 最大野党・労働党は、15日にメイ氏の離脱協定が否決された場合には直ちに首相不信任案を提出するとしている。 影のブレグジット担当相、サー・キーア・スターマーは、議会は「その次の展開をコントロール」する必要があると述べ、離脱日を3月29日より後に延期する事態は「避けられない」かもしれないと示唆した。 その上で、合意なしブレグジットは「単純に実務的にあり得ない」ため、イギリスはこれをなんとしても回避しなくてはならないが、そのための選択の余地がなくなりつつあると警告した。 イギリスは今年3月29日にEUを離脱する予定だが、その条件をまとめた離脱協定の実施には英議会の承認が必要。 議会は昨年12月に採決を行う予定だったものの、与野党の反対が多く出ており承認の公算がないとして、メイ首相は採決を延長した。 焦点となっているのは、英・北アイルランドとアイルランドの国境問題。イギリスとEUは離脱協定の中で、この国境に検問や新たな関税を敷かないための「バックストップ（防御策）」を設定した。 しかし、バックストップが発動すると北アイルランドはEU単一市場の規則に従い続けなくてはならないほか、英・EU双方の合意がない限り離脱できない。このため、実質的に北アイルランドとグレートブリテン島の間に関税や規制上の国境が引かれることになるとして、多くの議員が反対している。 （英語記事 Fresh Brexit setback for May in MPs' vote）,"メイ首相のEU離脱協定案をめぐり、下院で保守党議員の造反が相次いでいる。グリーヴ議員提出の修正案が可決され、離脱協定否決の場合、政府は3日以内に代替案を提示する義務が生じた。造反議員の一部は2度目の国民投票実施を訴えている。メイ首相は2度に渡り造反に遭い窮地に立たされているが、首相官邸は協定案が国益に沿うものだと強調している。労働党は協定案否決の場合、首相不信任案を提出する構えだ。
",保守党議員がメイ政権に造反し、下院で離脱協定の代替案の提出期限について修正案が可決された。もし協定が否決された場合、政府は21日以内に代替案を提出しなければならなくなった。離脱協定否決の場合、2度目の国民投票などの代替案が提示される可能性もある。メイ首相は協定が否決された場合に対応するとしているが、議会は7日以内に速やかに投票できるようになる。労働党は協定が否決された場合には首相不信任案を提出する予定であり、離脱日の延期も示唆されている。,"{'should_shuffle': True, 'should_remove_sentence': False, 'should_remove_random_words': {'enabled': False, 'number': 0}, 'should_replace_words_with_lemma_form': {'enabled': False, 'number': 0}, 'should_replace_conjunctions': {'enabled': False, 'number': 0}, 'should_replace_ner': {'enabled': True, 'number': 6}, 'should_random_sentence_from_another_paper': {'enabled': False, 'number': 0}}",,
21,545,['4'],['4'],香港で5カ月以上続く反政府デモで、12歳の男児が器物損壊の罪で有罪判決を受けたと、地元メディアが報じた。一連のデモで有罪とされた中で最年少とみられる。,"今年6月から続く一連の反政府デモで、5000人以上が逮捕されている 男児は先月、デモの後に学校へ向かっていた際に逮捕された。男児は警察署や地下鉄の駅にスローガンをスプレーで書いたと認めた。来月、量刑が言い渡される。 男児の弁護人ジャクリーン・ラム氏は法廷で、逮捕後に一晩警察署で勾留されたことが男児にとって「重要な教訓」になったとした上で、「男児にチャンスを与えてほしい。まだたったの12歳なのだから」と述べた。 一連のデモでは、これまでに5000人以上が逮捕されている。12歳から15歳までの子供も多いが、その年代の子供に有罪判決が言い渡されたのは今回が初めて。 スプレーでスローガン書く 検察によると先月3日、男児が「ひどい不正警察官（damn rogue cops）」、「神は消滅した、香港を解放せよ」などと、旺角（モンコック）警察署や太子駅の壁に書いているのを、私服警察官が発見した。 警察官はその後、男児の自宅まで後をつけ、自宅外で一晩待ったと、香港の英字紙サウスチャイナ・モーニングポストは報じている。 翌朝7時ごろ、登校するため自宅を出てきた男児をつかまえ、家宅捜索を行った。自宅からは黒色の塗料が見つかったという。 ＜関連記事＞ デモ隊が立てこもった香港理工大学（PolyU）は戦場と化した 大学が戦場と化す デモ隊が立てこもった香港理工大学（PolyU）は、警察とデモ隊による激しい戦場と化した。警察は大学構内や周辺で催涙ガスやゴム弾を発射。一方のデモ隊は火炎瓶やれんがを投げ、火のついた矢を放つなど応戦した。 デモ隊数百人が食糧不足や寒さに襲われて大学を後にする中、これまでに大学構内や周辺で1000人以上が逮捕されている。警察によると、数百人のデモ隊は未成年だったという。 事態は収束しつつあるものの、構内には今も数十人のデモ隊が留まっている。 事態収束しつつあるが、構内には今も数十人のデモ隊が留まっている デモの背景 犯罪容疑者の中国本土引き渡しを可能にする「逃亡犯条例」改定案に端を発した反政府デモは、6月から続いている。この改定案が通った場合、中国政府による香港統治が迫り、香港の自治性が維持されなくなるのではないかとの不安が若者を中心に広まったためだ。 150年以上にわたりイギリスの植民地だった香港は、1997年に「一国二制度」の下に中国に返還された。香港特別行政区となり、独自の法制度や国境を持つほか、表現の自由などの権利も保障されている。 改定案は10月に正式に撤回された。しかし、デモ隊はその後も、完全な民主主義や、デモ参加者に対する警察暴力に対する独立調査、拘束中の活動家全員の釈放などを求めて抗議を続けている。 （英語記事 Boy, 12, is youngest convict in Hong Kong protests）",の 反 政府 デ モ 5000 中 男 児 が ス ロ ー ガ ン を 警察署 な ど に ス プ レ ー で 書 き 逮捕 を け ま し た 男 児 は 犯行 を 認 め 月 に 量刑 が 言 い 渡 さ れ ま す こ れ は 一連 の で 逮捕 さ れ 12 歳 で 年少 の 有罪 判決 す 弁 護人 は 男 児 は ま だ 幼 い の で チ ャ ン ス え て ほ し い と 訴 え ま し こ の デ モ は 逃亡 犯 条例 改正 案 に 端 を 発 し 6 月 か ら い て い ま す アンドリュー・リトル法相は採決の後、「これからは人工中絶が健康問題として適切に扱われる」との声明を発表した。,今年6月から続く香港の反政府デモで、5000人以上が逮捕されている。その中には12歳の男児も含まれており、彼はデモの後に学校へ向かっていた際に逮捕された。男児はスプレーでスローガンを書いたことを認め、来月に量刑が言い渡される予定だ。男児の弁護人は彼にチャンスを与えるよう求めている。これまでに5000人以上が逮捕されているが、12歳から15歳までの子供に有罪判決が言い渡されたのは初めてのことだ。デモは中国本土引き渡しを可能にする法案に反対するもので、香港の自治性が損なわれることへの不安が若者を中心に広がっている。,"{'should_shuffle': True, 'should_remove_sentence': True, 'should_remove_random_words': {'enabled': True, 'number': 14}, 'should_replace_words_with_lemma_form': {'enabled': False, 'number': 38}, 'should_replace_conjunctions': {'enabled': False, 'number': 4}, 'should_replace_ner': {'enabled': True, 'number': 5}, 'should_random_sentence_from_another_paper': {'enabled': True, 'number': 1}}",今年6月から続く香港の反政府デモで、5000人以上が逮捕されている。その中には12歳の男児も含まれており、彼はデモの後に学校へ向かっていた際に逮捕された。男児はスプレーでスローガンを書いたことを認め、来月に量刑が言い渡される予定だ。男児の弁護人は彼にチャンスを与えるよう求めている。これまでに5000人以上が逮捕されているが、12歳から15歳までの子供に有罪判決が言い渡されたのは初めてのことだ。デモは中国本土引き渡しを可能にする法案に反対するもので、香港の自治性が損なわれることへの不安が若者を中心に広がっている。,"香港の反政府デモで、12歳の男児がスローガンを警察署などにスプレーで書き、逮捕、有罪判決を受けました。これは、一連のデモで逮捕された5000人以上の中で最年少の有罪判決です。男児は犯行を認め、来月に量刑が言い渡されます。弁護人は、男児はまだ幼いのでチャンスを与えてほしいと訴えました。このデモは、逃亡犯条例改正案に端を発し、6月から続いています。
"
22,551,['4'],['4'],フェイスブックは9日、サービス上で起こりがちなユーザーを動揺させる問題を、人工知能（AI）を使って解決すると発表した。亡くなった家族や友人に関する通知だ。,デイヴ・リー、北米テクノロジー記者 フェイスブックのシェリル・サンドバーグ最高執行責任者（COO） フェイスブックはプレスリリース（英語）で、亡くなった人をイベントに誘ったり、誕生日を祝ったりという通知を受け取る「悲痛な」経験をなくしたいと説明した。 今後、亡くなった人のフェイスブックアカウントには追悼セクションが設けられ、本人の投稿はそのまま保存されるようになる。 シェリル・サンドバーグ最高執行責任者（COO）は、「フェイブックが、亡くなった人の思い出や魂を称え、残していく場所になればと思う」と話した。 ユーザーからは、フェイスブックが亡くなった親しい人とイベントなどを共有するよう薦めてくることにショックを受け、動揺するという苦情が寄せられていた。 フェイスブックには2009年から追悼アカウントという機能がある。アカウントが追悼アカウントに移行すると、プロフィールのユーザー名に「追悼」と表示され、追悼メッセージなどを寄せることができるようになる。フェイスブックによると、毎月3000万人のユーザーがこの機能でメッセージを投稿しているという。 アカウントが追悼アカウントとなれば、その人が生きているかのような通知は送られて来なくなる。しかし追悼カウントに移行していないものについては、フェイスブックは今後AIを使って、間違った通知などが出ないようにするとしている。 追悼アカウントの管理 フェイスブックはまた、亡くなった人がサービス上でどのように表示されるのかにも変更を加えた。 追悼アカウントには今後、コメントを残すための「トリビュート」セクションが別に設けられる。これにより、本人のタイムラインはそのまま残ることになる。 また、トリビュートに投稿される内容は「追悼アカウント管理人」が管理できる。フェイスブックユーザーは、自分のアカウントが追悼アカウントになった場合に備え、あらかじめアカウントを管理してもらう人を選ぶことができる。 サンドバーグCOOによると、「追悼アカウント管理人は今後、トリビュートセクションについて、タグや投稿できる人、投稿を見る人の設定ができるようになる」という。 「これにより、心の準備ができていない遺族や友人に見せるにはしのびない投稿を管理することができる」 18歳未満のユーザーは追悼アカウント管理人になれないが、両親や保護者が亡くなった場合にはフェイスブックにアクセスを要請できる。 こうした変更は、追悼システムの悪用が相次いでいることへの対策でもある。ユーザーがフェイスブックに別のユーザーが死んだと嘘の報告を送り、そのアカウントを使えなくし、友人に心痛を与えるといった「悪ふざけ」が起きているという。 （英語記事 Facebook to use AI to respect the dead）,"フェイスブックは、亡くなったユーザーのアカウントに関する新機能を発表しました。AIを活用し、故人をイベントに招待するなどの不適切な通知を停止します。また、故人の投稿を保存しつつ、追悼メッセージを書き込める「トリビュート」セクションを新設します。これらの変更は、亡くなった人との繋がりを尊重しつつ、遺族や友人の感情に配慮することを目的としています。さらに、追悼アカウントの管理人を設定することで、故人のオンライン上の存在を適切に管理できるようになります。これらの改善は、システム悪用への対策も兼ねています。
",フェイスブックは、亡くなった人のアカウントに追悼セクションを設け、本人の投稿を保存することを発表した。これにより、亡くなった人をイベントに誘ったり、誕生日を祝ったりする通知がなくなる。また、追悼アカウントにはコメントを残すための「トリビュート」セクションが設けられ、投稿内容は追悼アカウント管理人が管理できるようになる。18歳未満のユーザーは追悼アカウント管理人になれないが、両親や保護者が亡くなった場合にはアクセスを要請できる。これらの変更は、追悼システムの悪用への対策としても行われている。,"{'should_shuffle': True, 'should_remove_sentence': True, 'should_remove_random_words': {'enabled': False, 'number': 0}, 'should_replace_words_with_lemma_form': {'enabled': False, 'number': 0}, 'should_replace_conjunctions': {'enabled': False, 'number': 0}, 'should_replace_ner': {'enabled': False, 'number': 0}, 'should_random_sentence_from_another_paper': {'enabled': True, 'number': 2}}",,
23,573,['4'],['4'],乳がんとの闘病生活をブログにつづり多くのファンがいたタレントの小林麻央さんが亡くなったことが23日に分かった。34歳だった。,小林麻央さん 関係者によると、小林さんは22日夜、東京の自宅で息を引き取ったという。 夫で歌舞伎役者の市川海老蔵さんは、自身のブログの「2017/06/23」と題が付いたエントリーで、「人生で一番泣いた日です」と述べている。 個人的なことがらについて語るのを避けようとする日本社会で、小林麻央さんのブログは画期的だった。麻央さんは昨年、BBCが世界中の影響力があり人の心を動かす女性100人を記事やドキュメンタリーにする「100 Women（100人の女性）」の一人に選ばれた。 2人の子供がいる麻央さんは当初、日本の多くの人と同様、「理想の母親像」に近付きたいと、乳がん闘病を公表せず、病のイメージを持たれることを恐れたという。 BBCへの寄稿で麻央さんは、「何かの罰で病気になったわけでもないのに、私は自分自身を責め、それまでと同じように生活できないことに、「失格」の烙印を押し、苦しみの陰に隠れ続けていた」と心境を語った。 国内メディアによって自身の闘病が報道されるに及んで、ようやく麻央さんは「日向に出る決心」をし、日本で応援してくれる人たちがこれほどいたことに気が付いたという。 ブログで闘病生活をつづる麻央さんを多くの人が応援した 麻央さんの最後のブログのエントリーは今月20日。母親が毎朝絞ってくれるオレンジジュースをいつも心待ちにしていると書かれている。 麻央さんはまた、4歳の長男、勸玄（かんげん）君が今月3日から東京・歌舞伎座で夫と共演するのを観るのを楽しみにしていた。 残念ながら、希望はかなわなかった。 4年前に父親の市川団十郎さんを肺炎で亡くしている海老蔵さんは23日午後に開いた記者会見で、麻央さんの母親が病状の急変に気付き、22日に家族が枕元に集まったと話した。 海老蔵さんは、「おとついまでは喋れたが、きのうは喋れなかった。息を引き取る瞬間、（中略）『愛している』と言って、本当にそのまま旅立った」と話した。 市川海老蔵さん、妻の小林麻央さんと2人の子供たち 海老蔵さんは、麻央さんがこれまでと変わらず家族のことだけを考え、最後まで笑顔を見せようとしていたと話した。さらに、麻央さんが「自分が治ったならこうしたい、ああしたい、多くの人を救えるような存在になりたいと一生懸命闘病していた」と語った。 「それでブログというものも始めた。（中略）ある意味公になって本当にありがたかったと思う」。 「（ブログで）同じ病の人や苦しんでいる人たちと喜びや悲しみを分かち合っている妻の姿は、私からすると人でないというか、なんというか……すごい人だなと」 「総合的に教わったこと、そして今後も教わり続けることは『愛』なんだと思います」 （英語記事 Mao Kobayashi: Japanese cancer blogger dies at 34）,"小林麻央さんが22日夜、自宅で亡くなりました。夫の市川海老蔵さんは、ブログで深い悲しみを綴っています。乳がん闘病を公表した麻央さんは、ブログで多くの人々に勇気を与え、BBCの「100人の女性」にも選ばれました。当初は病を隠していましたが、メディアで報道されたのを機に公表を決意し、闘病生活や家族への愛を綴ったブログは多くの共感を呼びました。最後まで家族を想い、笑顔を絶やさなかった麻央さんの姿は、海老蔵さんに深い愛を教え続けました。
",小林麻央さんは、22日夜に自宅で亡くなったと報道されている。夫の市川海老蔵さんは、自身のブログで悲しみを表現している。小林さんは乳がん闘病中にブログを通じて自身の経験を公開し、多くの人々から支援を受けた。彼女はBBCの「100 Women」にも選ばれ、世界中で影響力のある女性として認められた。海老蔵さんは、小林さんが最後まで家族のことを考え、笑顔を見せようとしていたと述べている。彼女の闘病生活は多くの人々に感銘を与え、彼女のブログは「愛」を教えてくれたと海老蔵さんは語っている。,"{'should_shuffle': False, 'should_remove_sentence': False, 'should_remove_random_words': {'enabled': False, 'number': 0}, 'should_replace_words_with_lemma_form': {'enabled': False, 'number': 0}, 'should_replace_conjunctions': {'enabled': False, 'number': 0}, 'should_replace_ner': {'enabled': True, 'number': 4}, 'should_random_sentence_from_another_paper': {'enabled': False, 'number': 0}}",,
24,595,['4'],['3'],今秋の米大統領選で共和党の候補になる見通しの実業家ドナルド・トランプ氏は19日、CBSテレビのインタビューで、イスラム教徒（ムスリム）のプロファイリング（情報分析）を使った犯罪対策を導入すべきだと示唆した。,トランプ氏の発言はイスラム教徒社会の感情を逆なでしてきた（写真は18日にアリゾナ州で開かれた支持者集会で演説するトランプ氏） 今回の発言は、南部フロリダ州オーランドで今月12日に起きた銃乱射で49人が殺害された事件を受け、米国内のイスラム教徒のプロファイリングを強化すべきかという質問に答える形で出た。 プロファイリングとは、民族や人種、宗教を基に、ある人物が犯罪を犯しやすいかどうかを判断する捜査手法。イスラム教徒かどうかをプロファイリングに含むことで、イスラム教徒が疎外されるとの批判が出ている。 インタビューでトランプ氏は、他国がプロファイリングを「うまく」導入していると述べ、「プロファイリングという考え方は大嫌いだが、常識を使い始めなくてはいけない」と述べた。 トランプ氏は、「プロファイリングは国として検討し始めなくてはいけないことだ。（中略）最の手段ではない」と語った。 オーランドでの乱射事件以来、トランプ氏はこれまでより先鋭化された主張を表明するようになっている。 近年で最悪の犠牲者を出した乱射事件では、銃撃犯が犯行時に過激派組織「イスラム国」（IS）への忠誠を誓っているが、米当局は、犯行はISの指示を受けたものではないと考えている。 事件を受けてトランプ氏は、過去に米国に対するテロ事件を起こしたことがある国からの移民禁止を訴えた。これ以前にも、同氏はイスラム教徒の米国入国の一時的な禁止を提案している。 オーランド乱射事件の犠牲者を追悼する祭壇に米国旗を飾る男性（19日、米フロリダ州） CBSとのインタビューでトランプ氏は、ムスリム社会が怪しい動きを当局に報告するようあらためて訴えたほか、モスクの監視強化を支持すると繰り返した。 モスク監視とは、ニューヨーク市で以前、議論を呼びながらも実施された後、訴訟や苦情が相次ぎ撤廃された監視制度に似ているかもしれないという。 一部の共和党員や対立する政治家、選挙活動の専門家からはトランプ氏の主張に対する激しい批判が出ている。 ロレッタ・リンチ司法長官は、CNNテレビとのインタビューで、監視制度によってムスリム社会の協力が得られなくなるかもしれないと指摘した。 同長官は、「我々のムスリム社会とのつながりを維持するのはとても重要だ」と述べ、「ムスリム社会出身の個人が過激思想に染まれば、真っ先に気づくのは友達や家族だからだ。どんな行動をしているかまず分かる。そういう情報が我々に届くようにしてもらいたい」と語った。 （英語記事 Trump says US should consider profiling against crime）,マイケル・フェルプス選手は、200メートルバタフライで優勝し、雪辱を果たしました。彼は1分53秒36で優勝し、日本の坂井聖人が2位になりました。また、800メートルリレーでも米国が優勝しました。フェルプスは今回の大会での主な目的であるタイトル奪還を果たしました。彼は引退を考えていましたが、2014年に現役復帰しました。エイドリアン・ムーアハウス氏はフェルプスのパフォーマンスを絶賛し、「歴代最高」と称えました。,マイケル・フェルプス選手は、200メートルバタフライで優勝し、雪辱を果たしました。彼は1分53秒36で優勝し、日本の坂井聖人が2位になりました。また、800メートルリレーでも米国が優勝しました。フェルプスは今回の大会での主な目的であるタイトル奪還を果たしました。彼は引退を考えていましたが、2014年に現役復帰しました。エイドリアン・ムーアハウス氏はフェルプスのパフォーマンスを絶賛し、「歴代最高」と称えました。,"{'should_shuffle': False, 'should_remove_sentence': False, 'should_remove_random_words': {'enabled': True, 'number': 12}, 'should_replace_words_with_lemma_form': {'enabled': False, 'number': 35}, 'should_replace_conjunctions': {'enabled': False, 'number': 6}, 'should_replace_ner': {'enabled': False, 'number': 0}, 'should_random_sentence_from_another_paper': {'enabled': False, 'number': 0}}",,
25,597,"['3', '3']","['4', '4']",リビア・トブルク港からイタリアを目指した移民たちの船が、地中海で転覆し、500人近くが死亡した可能性があることが分かった。生存者たちがギリシャ南部カラマタで、BBCに話した。,"貨物船で地中海を渡る移民たち エチオピア、ソマリア、スーダン、エジプトから来たという生存者41人によると、移民約240人がトブルクからイタリアへ出港し、途中で別の大きい船に乗り移った。自分たちの前にすでに300人以上が乗っており、その後、船は転覆し500人近くが死亡したという。各地の沿岸警備隊は、事故について確認できていないと話す。 生存者たちを救助したという貨物船の乗務員はBBCに対して、イタリアを目指す移民は、ギリシャの沿岸警備隊への引き渡しを当初拒否するのが通常だと話した。 カラマタで取材するウィル・ロス記者によると、エチオピア出身のムアズさんは開口一番「目の前で妻と赤ん坊が溺れて死んだ」と話した。ムアズさんはその上で、少なくとも500人が死亡したと言い、「（自分たちが最初に乗っていた）小さい船に泳いでたどり着いた」おかげで自分は助かったと説明した。 ソマリア出身のアブドル・カディルさんはロス記者に、「リビアから自分たち240人が出発したが、密航業者は別の船に移るよう命令してきた。長さ30メートルの木製の船で、すでに少なくとも300人は乗っていた」と話した。 移民たちを救助した貨物船の運航会社がBBCにこの写真を提供。「RESCUE 16 APRIL（救助 4月16日）」と甲板に書かれている。 エジプト在住のソマリア人女性はBBCソマリアの取材に、欧州を目指して14日に出発した親類3人から何の連絡もなく、死亡したようだと話した。 ソマリア政府と未承認国家「ソマリランド」の大統領は共に、被害者に追悼の意を示した。カイロのソマリア大使館は、死者数は400人近くだと発表している。 一方で、国連難民高等弁務官事務所（UNHCR）は情報に疑問を示し、数百人が死亡したという情報は「不正確」のようだとツイートした。 船が夜間に公海上で転覆したなら、正確な情報が得られないことはあり得ると特派員たちは言う。 救助団体「SOS地中海」によるとこれとは別の事故で、リビア沖でゴムボートが沈み、108人は救助されたものの、6人が遺体となって発見された。ボートは空気が抜けて、エンジンが壊れていたという。 リビアからイタリアに到着する移民の数は、このところ急増している。国際移住機関（IOM）によると、4月半ばの3日間だけで約6000人が地中海を越えてイタリアにたどり着いたという。 ちょうど1年前の昨年4月19日には、リビアからイタリア最南端のランペドゥザ島を目指した移民船が沈み、800人が死亡したとされている。 国連によると今年に入りすでに18万人が海路で欧州を目指し、800人近くが死亡している。 （英語記事 Migrant crisis: Hundreds dead after capsize, say survivors）","リビア沖で移民船が転覆し、生存者の証言によると500人近くが死亡した可能性がある。生存者41人は、別の船に乗り換えるよう指示され、過積載の船が転覆したと語っている。ソマリア、エチオピア出身の生存者は、妻子の死亡や、既に300人が乗船していたことなどを証言した。しかし、国連難民高等弁務官事務所は、数百人死亡の情報は不正確だと述べている。リビアからイタリアへの移民は急増しており、昨年4月にも同様の事故で800人が死亡している。
",地中海を渡る移民たちの貨物船が転覆し、500人近くが死亡したという報道があった。生存者によると、移民約240人がトブルクからイタリアへ出発し、途中で別の船に乗り換えた。救助された生存者たちは、イタリアを目指す移民は通常、ギリシャの沿岸警備隊への引き渡しを拒否すると話した。生存者たちは、少なくとも500人が死亡したと証言し、移民たちを救助した貨物船の運航会社が写真を提供した。国連によると、今年に入りすでに18万人が海路で欧州を目指し、800人近くが死亡している。,"{'should_shuffle': True, 'should_remove_sentence': False, 'should_remove_random_words': {'enabled': True, 'number': 13}, 'should_replace_words_with_lemma_form': {'enabled': False, 'number': 38}, 'should_replace_conjunctions': {'enabled': False, 'number': 6}, 'should_replace_ner': {'enabled': True, 'number': 8}, 'should_random_sentence_from_another_paper': {'enabled': False, 'number': 0}}",,
26,623,['4'],['2'],イギリスで17日、イングランドとウェールズ、スコットランドの大部分で新型コロナウイルス対策のロックダウンが緩和された。,"17日からは、屋内でも限られた人数で集まることができるようになった。家族や愛する人をハグすることもできる。パブやレストランの屋内営業も許可される。 また、一部の海外渡航が解禁され、新しいルールでの運用が始まる。 しかしボリス・ジョンソン英首相は、それでもなお感染抑制のために慎重に行動し、週2度の検査を受けてほしいと呼びかけている。 ジョンソン首相は、「我々は一丸となって、ロックダウン脱出のひとつの区切りにたどり着いた。しかし次の段階は、最大限の注意を払って進むべきだ」と述べた。 「週に2回検査を受け、ワクチン接種の順番が来たらすぐに対応し、手洗い、マスク着用、社会的距離、換気を忘れないでほしい」 「ウイルスを追い払うため、新しい自由を楽しむ中でも慎重に、責任感をもって行動してほしい」 イングランドとスコットランドでは誰でも、COVID-19の症状が出ていなくても、「ラテラルフロー」と呼ばれ30分で結果が出る抗原検査キットを無料で入手できる。ウェールズと北アイルランドでは、在宅勤務ができない人などがこの対象となっている。 イングランドとスコットランド、ウェールズのロックダウン緩和条件はそれぞれ異なる。スコットランドでは、グラスゴーとモレイで感染が拡大しているため、緩和の対象にはなっていない。 17日からの新ルール イングランド スコットランド（グラスゴーとモレイ除く） ウェールズ また、上記3地域では、一部の国を対象に国外旅行が解禁される。 北アイルランドでは5月20日に現行ルールを見直し、24日から変更が実施される予定。 イギリスでは現在、インドで特定された変異株の感染が広がっている。グレーター・マンチェスターのボルトンやロンドンの一部地域、セフトン、ウスターシャーなどで大規模な検査体制が敷かれている。 先週末にはイギリス医師教会が、若年層がワクチンを接種していない状態でのロックダウン緩和に「現実的な懸念がある」と表明した。 ジョンソン首相は、政府はこの変異株を「注意深く観察」しており、「感染率が上昇した場合には速やかに対処する」としている。 専門家らはインドの変異株は感染力が強いとみている一方、初期のデータではワクチンの効果はあるとされている。ただし、ワクチンの効果に対し具体的にどんな影響があるかはまだ特定されていない。 ＜関連記事＞ 政府の最新統計によると、13日の新規感染者は1926人で、4人が亡くなった。 これまでに計3657万人超が1回目のワクチン接種を終え、2回目まで接種した人も計2010万人に上っている。 国民保健サービス（NHS）は17日から、海外渡航する市民向けにワクチン接種証明アプリをリリースする予定だ。 グラント・シャップス運輸相は先に、このアプリを入国審査で使えるようになると述べていたが、イギリス政府は、各国で入国時に定められている検査や隔離といった要請を事前に確認するよう求めている。 マット・ハンコック保健相は16日、BBCの取材で17日からのロックダウン緩和を擁護。ウイルスに対して真っ先にとる防御策の内容を「行動制限からワクチン接種に代えていく」政府施策の一環だと説明した。 （英語記事 Covid-19: Lockdowns ease in England, Wales and most of Scotland / Hugs and foreign holidays resume as lockdown eases）",サマンサ・パワー米国連大使は、北朝鮮に対して20年来で最も厳しい安保理制裁を提案した。新しい制裁では、北朝鮮の貨物の検査が義務化され、禁輸品や小型武器の輸入が禁止される。中国も制裁に賛成し、北朝鮮の安定を脅かす制裁措置に慎重な姿勢を示してきた。北朝鮮はミサイル計画が科学的な目的であると主張しているが、多くの国は大陸間弾道ミサイルの開発だと考えている。北朝鮮の核実験は2006年以来4回目で、水爆実験だと主張している。,サマンサ・パワー米国連大使は、北朝鮮に対して20年来で最も厳しい安保理制裁を提案した。新しい制裁では、北朝鮮の貨物の検査が義務化され、禁輸品や小型武器の輸入が禁止される。中国も制裁に賛成し、北朝鮮の安定を脅かす制裁措置に慎重な姿勢を示してきた。北朝鮮はミサイル計画が科学的な目的であると主張しているが、多くの国は大陸間弾道ミサイルの開発だと考えている。北朝鮮の核実験は2006年以来4回目で、水爆実験だと主張している。,"{'should_shuffle': True, 'should_remove_sentence': False, 'should_remove_random_words': {'enabled': False, 'number': 0}, 'should_replace_words_with_lemma_form': {'enabled': False, 'number': 0}, 'should_replace_conjunctions': {'enabled': False, 'number': 0}, 'should_replace_ner': {'enabled': False, 'number': 0}, 'should_random_sentence_from_another_paper': {'enabled': False, 'number': 0}}",,
27,635,['4'],['4'],米政府は17日、アフガニスタンとイラクの駐留米軍の削減方針を発表した。これに対し、与党・共和党からも強い批判の声が上がっている。,米軍はイラクでイスラム国（IS)との戦いに関与してきた 米国防総省はこの日、アフガニスタンとイラクの駐留米軍をそれぞれ2500人規模まで削減すると発表した。 ドナルド・トランプ大統領は、外国での米軍の介入について批判しており、以前から駐留米軍の帰還を求めてきた。 だが、トランプ氏を強く支持してきた共和党幹部のミッチ・マコネル上院院内総務は、駐留米軍削減の方針を「間違い」だと批判した。 マコネル氏はトランプ氏に対し、ホワイトハウスを去る前に、「防衛や外交に関して重大な変更」をしないよう警告した。 トランプ氏は大統領選挙で、民主党のジョー・バイデン氏への敗北を認めていない。今回の駐留米軍の削減は、バイデン次期大統領が大統領に就任する来年1月20日の5日前に実施される予定。 バイデン氏はこれまで、アフガニスタンでの戦争について、「米国史上最長の戦争には、もっともながら疲れている」と発言している。一方で、「私たちの国土が脅威から守られ、二度と戻らなくてよいことを確実にしながら、責任をもって戦争を終わらせる」必要があるとも述べている。 ＜関連記事＞ 発表後にイラクでロケット攻撃 駐留米軍は現在、イラクで3000人、アフガニスタンで4500人規模となっている。これをどちらも2500人規模に縮小する。 国防総省のクリス・ミラー長官代行は17日、削減について、「アフガニスタンとイラクでの戦争を成功させるとともに責任ある終結に至らせ、勇敢な米兵を帰国させる」という、トランプ氏の方針に沿ったものだと述べた。 駐留米軍の削減が発表されて間もなく、イラク・バグダッドでは米政府機関などがあるグリーンゾーンに向けてロケット数発が発射され、米大使館近くに着弾した。負傷者や被害は報告されていない。 イランとつながりのあるイラクの武装勢力は先月、米大使館を狙った攻撃をやめることに同意していた。今回の攻撃はそれ以降で初めて、米大使館を標的にしたものとなった。 共和党有力議員らの反対 共和党ではマコネル氏以外の有力議員らも、駐留米軍の削減に対する懸念を表明している。 マック・ソーンベリー下院議員（テキサス州）は、部隊の縮小は「間違い」だと発言。アフガニスタンで戦闘終結に向けて進められている「交渉を損なう」とした。 上院情報委員会の委員を務めるベン・サス上院議員（ネブラスカ州）も、「弱気な撤収」だとし、「現実に即したものではなく、世界を危険にする」と述べた。 北大西洋条約機構（NATO）のイェンス・ストルテンベルグ事務総長は17日、「早すぎる撤退や調整の欠如は、大きな代償を払うことにつながるかもしれない」との声明を発表。アフガニスタンが再度、組織的な攻撃をたくらむ国際武装勢力の土壌となるリスクを抱えるとした。 在外米軍の兵数の推移。点線以降がトランプ政権 国防総省のミラー長官代行は、削減計画をマーク・ミリー統合参謀本部議長が承認したのかは明らかにしなかった。一方、軍司令官らは同意したと述べた。 ミラー氏は、「私たちの子どもたちを、長年にわたって続く戦争の重荷から守る。そして、アフガニスタン、イラク、そして世界中の平和と安定のために犠牲となった兵士たちをたたえる」と話した。 野党・民主党からは、少なくとも議員1人がトランプ氏の削減方針への支持を表明した。 下院軍事委員会の委員長を務めるアダム・スミス下院議員（ワシントン州）は声明で、「正しい政策決定だ」と評価。 「あの地域の紛争の歴史は複雑で、私たちが直接関与する前から続くものだが、武力衝突が20年近く続き、アメリカ人もアフガン人も暴力を終わらせる準備ができている」とした。 駐留続ける米軍 米軍はアフガニスタンに2001年から駐留している。2001年9月11日の同時多発テロの数週間後、アメリカ主体の連合軍がアフガニスタンで反政府武装勢力タリバンを一掃した。 タリバンはその後、再び組織化し、2018年までにアフガニスタンの3分の2で活動している。 アメリカは今年2月、タリバンと歴史的な和平合意に至り、その一環としてアフガニスタンから順次、軍の撤退を始めている。 一方、イラクには、イスラム国（IS）と戦う国際有志連合に加わる格好で駐留している。 （英語記事 Alarm as Trump cuts troops in Iraq and Afghanistan）,"トランプ大統領はアフガニスタンとイラクの駐留米軍を2500人規模に削減すると発表しました。これはトランプ氏の公約である外国駐留米軍の削減に基づく決定ですが、共和党のマコネル上院院内総務を含む一部議員から批判を受けています。バイデン次期大統領への政権移行直前の決定であり、バイデン氏はアフガン戦争終結への責任ある対応を表明しているものの、削減の影響が懸念されます。イラクでは削減発表直後にバグダッドのグリーンゾーンへロケット弾攻撃があり、情勢不安も懸念されます。NATO事務総長も性急な撤退は危険だと警告しています。
",アメリカ国防総省は、アフガニスタンとイラクの駐留米軍をそれぞれ2500人まで削減すると発表した。トランプ大統領は外国での米軍介入に批判的であり、駐留米軍の帰還を求めていたが、共和党幹部のマコネル上院院内総務は削減方針を批判した。削減はバイデン次期大統領が就任する5日前に実施される予定であり、バイデン氏はアフガニスタンでの戦争に疲れていると述べている。削減発表後、イラクでロケット攻撃が行われたが、負傷者や被害は報告されていない。共和党議員やNATO事務総長も削減に反対しており、削減計画の承認者は明らかにされていない。,"{'should_shuffle': True, 'should_remove_sentence': False, 'should_remove_random_words': {'enabled': True, 'number': 14}, 'should_replace_words_with_lemma_form': {'enabled': False, 'number': 35}, 'should_replace_conjunctions': {'enabled': False, 'number': 3}, 'should_replace_ner': {'enabled': False, 'number': 0}, 'should_random_sentence_from_another_paper': {'enabled': False, 'number': 0}}",アメリカ国防総省は、アフガニスタンとイラクの駐留米軍をそれぞれ2500人まで削減すると発表した。トランプ大統領は外国での米軍介入に批判的であり、駐留米軍の帰還を求めていたが、共和党幹部のマコネル上院院内総務は削減方針を批判した。削減はバイデン次期大統領が就任する5日前に実施される予定であり、バイデン氏はアフガニスタンでの戦争に疲れていると述べている。削減発表後、イラクでロケット攻撃が行われたが、負傷者や被害は報告されていない。共和党議員やNATO事務総長も削減に反対しており、削減計画の承認者は明らかにされていない。,"トランプ大統領はアフガニスタンとイラクの駐留米軍を2500人規模に削減すると発表しました。これはトランプ氏の公約である外国駐留米軍の削減に基づく決定ですが、共和党のマコネル上院院内総務を含む一部議員から批判を受けています。バイデン次期大統領への政権移行直前の決定であり、バイデン氏はアフガン戦争終結への責任ある対応を表明しているものの、削減の影響が懸念されます。イラクでは削減発表直後にバグダッドのグリーンゾーンへロケット弾攻撃があり、情勢不安も懸念されます。NATO事務総長も性急な撤退は危険だと警告しています。
"
28,639,"['4', '4']","['4', '3']",米 ジョンズ・ホプキンス大学の集計 （日本時間29日午前時点）によると、新型コロナウイルスのパンデミック（世界的流行）による累計死者は世界で50万人を超えた。,"南アメリカで新型コロナウイルスの感染が急激に広がっている（エルサルバドル、26日） 新型ウイルスが昨年末に中国で発生して以来、累計感染者は1000万人を突破した。 世界の感染者の半数を、アメリカとヨーロッパで占めている。南北アメリカでは現在、COVID-19（新型ウイルスの感染症）患者が急激に増えている。 南アジアとアフリカでも新型ウイルスは影響を及ぼし続けており、感染のピークは7月末以降になるとみられている。 ＜関連記事＞ 28日までの6日間に確認された新規感染者は100万人近くに上るなど、大規模な流行は世界の多くの地域で今も続いている。 米南部などで再び規制 新型ウイルスの影響が最も大きいのはアメリカで、感染者は約250万人、死者は約12万5000人が報告されている。 同国では南部を中心にロックダウン（都市封鎖）を解除した州で、新規感染者が過去最多を更新している。 テキサス、フロリダなどの州当局は、再び経済活動の規制を強化している。 新型コロナウイルスの6カ月 「パンデミックは加速」 中国やイギリスでも いくつかの国々の調査によると、新型ウイルスの影響は、白人よりも黒人やアジア系のほうが深刻になりやすいとされる。 世界で2番目に影響が大きいブラジルでは、感染者は130万人、死者は5万7000人をそれぞれ超えている。 新たな流行の波が押し寄せる中、同国リオデジャネイロ州は7月10日からサッカースタジアムを開場する。当面、観客数は収容人数の3分の1に限定するという。 一方、中国・北京では27日、新たな爆発的流行を抑えるため、厳しいロックダウンを実施した。河北省安新県では、住民約50万人に県境を越えた行き来を禁じる。 西ヨーロッパで死者が最多のイギリスでは、イングランド中部レスターで新規感染者が急増。政府は自治体限定のロックダウンを初めて導入する可能性を示唆している。 新型コロナウイルス特集 感染対策 在宅勤務・隔離生活 （英語記事 Covid-19 death toll hits 500,000 worldwide）","新型コロナウイルスの世界累計感染者数は1000万人を突破し、アメリカとヨーロッパで世界の感染者の半数を占めています。南北アメリカでの感染拡大が深刻化しており、南アジアとアフリカでも感染拡大が続いています。アメリカでは感染者数が250万人、死者が12万5000人に達し、南部を中心に感染が再拡大しています。ブラジルでは130万人以上の感染が確認され、中国やイギリスでも新たな感染拡大の波が懸念されています。
",南アメリカでは新型コロナウイルスの感染が急速に広がっており、世界の感染者の半数をアメリカとヨーロッパが占めています。南北アメリカだけでなく、南アジアやアフリカでも感染が広がっており、感染のピークは7月末以降になると予想されています。世界各地で大規模な流行が続いており、アメリカでは感染者が約250万人、死者が約12万5000人報告されています。一方、ブラジルでは感染者が130万人、死者が5万7000人を超えています。中国やイギリスでも感染が深刻化しており、各地で厳しいロックダウンが実施されています。,"{'should_shuffle': True, 'should_remove_sentence': True, 'should_remove_random_words': {'enabled': True, 'number': 12}, 'should_replace_words_with_lemma_form': {'enabled': False, 'number': 43}, 'should_replace_conjunctions': {'enabled': False, 'number': 4}, 'should_replace_ner': {'enabled': True, 'number': 5}, 'should_random_sentence_from_another_paper': {'enabled': True, 'number': 2}}",,
29,644,['4'],['4'],ロシア政府はサイバー攻撃対策の一環として、一時的に国内を海外のインターネットから遮断する実験を行なうことを検討している。,インターネットからの独立計画は、ロシア政府がインターネット世界をこれまで以上に統制するための方法と考えられる この実験では、ロシア国民や企業の間でやり取りされるデータが海外のネットワークを経由せず、国内に留まることになる。 ロシアでは昨年、独立したインターネット運用に必要な技術の変更を命じる法案が連邦議会に提出された。 実験は4月1日までに実施される予定だが、具体的な日時は設定されていない。 大きな混乱 デジタル経済国家計画と呼ばれる法案は、外国勢力がロシアをオンラインから排除しようとした場合に対抗できるよう、ロシア国内のインターネットサービスプロバイダ(ISP)にサービス継続を義務付ける。 ロシアは諸外国にサイバー攻撃などネット上の妨害行動を仕掛けていると、しばしば批判されている。そのため、北大西洋条約機構（NATO）と加盟各国は、対ロ制裁の可能性に言及してきた。 ロシア政府はNATOのこうした動きに対抗するため、新法制定を通じて、ロシア独自のDNS（ネットアドレスシステム）構築を目指す。国外に設けられたサーバーへの接続が遮断されても、ロシア独自のシステムは機能するようにするのが狙いだ。 現在、12の組織がDNSのルートサーバーを監視しているが、ロシアを拠点にする組織はない。しかし、ネットの中核となるアドレス帳のコピーはすでにロシア国内に存在していることから、接続遮断の懲罰的措置が講じられたとしてもロシアのネットシステムは機能し続ける可能性がある。 この実験ではさらに、政府が管理するルーティングポイントにデータを転送できると、ISP各社が実証することが期待されている。それによってISPは、ロシア国内のデータ送受信と海外向けのデータ送信を切り分け、国内でのデータのやりとりは継続するものの、海外に送られるデータは削除することができるようになるという。 最終的にロシア政府は、国内全ての情報送受信が、政府独自のルーティングポイントを経由する状態を目指している。この動きは、中国が実施している規制データの排除と同じような、大規模検閲システム構築の一環とみられる。 ロシア報道によると、国内ISPはこの法案の目的をおおむね支持しているが、実現方法については意見が分かれている。米ZDNetによると、実験は国内のインターネット通信に「大きな混乱」を引き起こすとISP各社は見ているという。 ロシア政府は、ISPによるリダイレクト（情報出力先の変更）実験の便宜を図るため、インフラ修正のキャッシュを提供している。 ＜関連記事＞ ＜解説＞――ゾーイ・クラインマン、BBCニュース・テクノロジー記者 国家全体を海外のインターネットからどのように「遮断」するのだろうか。 まず、インターネットの仕組みを多少理解することが重要だ。 インターネットとは要するに、無数のデジタル・ネットワークの連続だ。ネットワーク上を情報が移動する。ネットワークはそれぞれルーターポイントで連結している。ネットワークで最も脆弱（ぜいじゃく）な箇所が、ルーターポイントだ。 国内に出入りす情報を取り仕切るルーターポイントを、ロシア政府は自分たちで管理しようとしている。国外からの脅威にさらされた場合、あるいは国民への情報を検閲したい場合、外部からの情報流入を遮断するためだ。まさに跳ね橋を引き上げるようにして。 中国政府のファイアウォールはおそらく世界でもっとも有名な検閲システムで、今では極めて洗練された高性能の仕組みとなった。キーワードや特定のウェブサイトをブロックする方法で、ルーターポイントも規制している。こうすることで、中国政府が国民に見せたくないサイトは、国内で表示されない。 仮想プライベートネットワーク（VPN）を使用してファイアウォールを回避することはできる。コンピューターの位置情報を偽装してフィルターが作動しないようにする仕組みだ。VPNをどこまで容認するかは、政府によって異なる。中国は時々取り締まりを強化する。違法なVPNを提供または使用した者は、実刑判決を受けることもある。 一方、時には不運な事故によってインターネットから遮断されてしまう国もある。昨年モーリタニアでは2日間に渡りオフラインの状態が続いた。インターネットを供給していた海底の光ファイバーケーブルがトロール船によって切断されからだとみられている。 （英語記事 Russia considers 'unplugging' from internet）,"ロシア政府は、インターネットへの国家統制強化のため、国内インターネットを世界から遮断する実験を計画している。この実験は、データの国内保持、外国勢力からの干渉対策、独自のDNS構築を目的としている。政府管理のルーティングポイントへのデータ転送をISPに義務づけ、最終的には国内の情報送受信を政府経由で行うことを目指す。これは中国のような大規模検閲システム構築に繋がる可能性があり、ISPからは混乱への懸念が出ているものの、政府はインフラ修正費用を提供して実験を進めようとしている。
",ロシア政府は、インターネットを統制するための独立計画を実施している。この計画では、ロシア国内でのデータのやり取りが海外のネットワークを経由せずに国内に留まるようになる。昨年、独立したインターネット運用に必要な技術の変更を命じる法案が提出された。実験は4月1日までに実施される予定で、具体的な日時はまだ設定されていない。この実験によって、ロシア政府は国内のインターネットサービスプロバイダにサービス継続を義務付けることで、外国勢力によるオンラインからの排除に対抗することを目指している。,"{'should_shuffle': True, 'should_remove_sentence': True, 'should_remove_random_words': {'enabled': False, 'number': 0}, 'should_replace_words_with_lemma_form': {'enabled': False, 'number': 0}, 'should_replace_conjunctions': {'enabled': False, 'number': 0}, 'should_replace_ner': {'enabled': True, 'number': 5}, 'should_random_sentence_from_another_paper': {'enabled': True, 'number': 3}}",,
30,669,['2'],['4'],国賓として初めてイギリスを訪問するアメリカのドナルド・トランプ大統領が3日午前9時ごろ、大統領専用機でロンドンのスタンステッド空港に到着した。5日まで同国に滞在する。,The moment Trump lands for UK state visit トランプ氏は到着の直前、ロンドンのサディク・カーン市長について「完全な負け犬」とツイート。これは、以前からトランプ氏と対立を繰り返しているカーン氏が、訪英するトランプ氏について「丁重に迎えるべきではない」とツイッターで発言したのを受けたものとみられる。 トランプ氏は3日、バッキンガム宮殿でエリザベス女王主催の晩さん会に出席。4日にはテリーザ・メイ首相と首脳会談に臨み、気候変動や中国の通信機器大手、華為技術（ファーウェイ）の問題などについて協議する。 空港ではジェレミー・ハント英外相がトランプ大統領を出迎えた 訪英中、トランプ氏はロンドン中心部リージェンツ・パークにある駐英米国大使の公邸ウィンフィールド・ハウスに滞在する。 エリザベス女王は、これまでに12人の米大統領と面会している。女王が国賓として迎える米大統領は、ジョージ・W・ブッシュ氏、バラク・オバマ氏に次いで、トランプ氏で3人目。 メイ首相とは意見対立か メイ氏への敬意を表明しているトランプ氏だが、会談では2人の意見は食い違いを見せそうだ。 メイ氏は気候変動問題を取り上げる際に、「2017年のパリ協定から離脱したアメリカの決定を残念に思う」（政府報道官）との考えを伝える見込みだ。 ファーウェイの問題でも立場の違いが見られる。アメリカは安全保障上の脅威だとして、米国企業にファーウェイとの取引を禁止。一方、イギリスは、5G通信網用の「主要ではない」部品をファーウェイに輸出することを認める可能性がある。 去年7月に会談したメイ英首相とトランプ米大統領 首脳会談に先立ち、両首脳は4日朝、セント・ジェイムズ宮で朝食会を開催する予定。イギリスの証券会社バークレイズや製薬会社グラクソ・スミスクライン（GSK）などの企業のトップたちが招かれている。 トランプ氏は5日、英南部ポーツマスで開かれるノルマンディー上陸作戦75周年の記念式典に参加し、次の訪問先のアイルランドへと向かう。 （英語記事 Trump arrives in UK for state visit）,"トランプ大統領がイギリスを国賓訪問し、到着直前にロンドン市長を批判するツイートをしました。エリザベス女王主催の晩餐会に出席し、メイ首相と首脳会談を行い、気候変動やファーウェイ問題などを協議しました。ハント外相の出迎えを受け、ウィンフィールド・ハウスに滞在し、エリザベス女王と面会しました。メイ首相とは気候変動問題やファーウェイ問題で意見の相違が予想されます。また、ノルマンディー上陸作戦75周年記念式典に出席後、アイルランドへ向かいます。
",トランプ氏がイギリスへの国賓訪問の直前に、ロンドン市長のカーン氏を「完全な負け犬」とツイートしました。カーン氏は以前からトランプ氏と対立しており、トランプ氏の訪英について「丁重に迎えるべきではない」と発言していました。トランプ氏はエリザベス女王主催の晩さん会に出席し、メイ首相との首脳会談に臨みました。訪英中は駐英米国大使の公邸に滞在し、女王との面会も予定されています。メイ首相との会談では、気候変動やファーウェイの問題で意見の食い違いが予想されています。トランプ氏は5日にはアイルランドへ向かう予定です。,"{'should_shuffle': True, 'should_remove_sentence': False, 'should_remove_random_words': {'enabled': False, 'number': 0}, 'should_replace_words_with_lemma_form': {'enabled': False, 'number': 0}, 'should_replace_conjunctions': {'enabled': False, 'number': 0}, 'should_replace_ner': {'enabled': False, 'number': 0}, 'should_random_sentence_from_another_paper': {'enabled': False, 'number': 0}}",トランプ氏がイギリスへの国賓訪問の直前に、ロンドン市長のカーン氏を「完全な負け犬」とツイートしました。カーン氏は以前からトランプ氏と対立しており、トランプ氏の訪英について「丁重に迎えるべきではない」と発言していました。トランプ氏はエリザベス女王主催の晩さん会に出席し、メイ首相との首脳会談に臨みました。訪英中は駐英米国大使の公邸に滞在し、女王との面会も予定されています。メイ首相との会談では、気候変動やファーウェイの問題で意見の食い違いが予想されています。トランプ氏は5日にはアイルランドへ向かう予定です。,"トランプ大統領がイギリスを国賓訪問し、到着直前にロンドン市長を批判するツイートをしました。エリザベス女王主催の晩餐会に出席し、メイ首相と首脳会談を行い、気候変動やファーウェイ問題などを協議しました。ハント外相の出迎えを受け、ウィンフィールド・ハウスに滞在し、エリザベス女王と面会しました。メイ首相とは気候変動問題やファーウェイ問題で意見の相違が予想されます。また、ノルマンディー上陸作戦75周年記念式典に出席後、アイルランドへ向かいます。
"
31,674,['2'],['3'],米オハイオ州シンシナティの動物園で28日に3歳の男児がゴリラ舎の堀に転落し、中のゴリラが射殺されたことをめぐり、地元警察は31日、当時の状況について捜査すると表明した。,多くの人がゴリラ射殺は動物園と子どもの親の不注意のせいだと非難している シンシナティ動物園があるハミルトン郡検察のジョセフ・ディータース氏は、捜査結果をもとに警察と「刑事訴訟の可能性について相談する」と述べた。 動物園側はゴリラを射殺するしかなかったとの立場で、飼育エリアの安全対策に問題はなかったと主張している。 動物保護活動家らは動物園の対策不足だと非難している。 シンシナティに本部を置く、権利擁護団体「ストップ・アニマル・エクスプロイテーション・ナウ」は、米農務省に対し告訴状を提出したと発表した。 ゴリラ舎に落ちた男児は軽傷を負ったのみだったが、男児の両親はソーシャルメディアで激しく非難されている。 シンシナティ警察は31日、当初4歳としていた男児の年齢を3歳に訂正した。 警察は、捜査対象は「事故に至るまでの両親・家族の行動についてのみ」で、「シンシナティ動物園の運営や安全についてではない」と述べた。 警察の調書では、目撃者の話として、当初ゴリラは男児を守ろうとしていように見えたが、周囲の人々の悲鳴に興奮し男児を引きずり始めたと指摘している。 射殺されたハランビ 射殺されたのは17歳のオス「ハランビ」で、絶滅危惧種のニシローランドゴリラ。 ゴリラ舎に3歳児落ちて…ゴリラ射殺 ビデオ映像には、浅い堀の中をゴリラに引きずられる男児が写っている。その後間もなく、動物園の職員によってゴリラは射殺された。 動物園は30日、事故への対応を弁明。麻酔銃では効くまでに時間がかかり、男児を助けられなかったはずだとして、射殺する以外に方法がなかったと述べた。 さらに、ゴリラの展示は安全で規則で定められた基準を上回っていると説明している。 しかし、「ストップ・アニマル・エクスプロイテーション・ナウ」のマイケル・バドキー氏は、舎内に人が入ることができるような展示をしていた動物園に対して農務省は罰金を科すべきだと語った。 同氏は、「週末に起きたことは、シンシナティ動物園の柵が、人が飼育エリアに入れないようにするには明らかに不十分だったことを明白にした」と述べた。さらに、飼育エリアの設備は30年以上たつ古いものだと聞いていると指摘した。 同氏はまた、シンシナティ動物園では今年3月にも、北極グマ2匹が舎を抜け出して飼育施設の廊下に迷い出ており、この時も運営が批判されていたと指摘した。 「#JusticeForHarambe」（ハランビのため正義を）――ソーシャルメディアでの反応 「ハランビのために正義を」と書かれたポスター 男児の母親のミシェル・グレッグさんは、インターネット上で中傷されている。動物園がゴリラ射殺を弁明したことを受けて、ソーシャルメディアでは人々のコメントが相次いだ。 「Eddie Whrnbrg」さんはフェイスブックで、「問題は動物園じゃない、馬鹿な親だ」と書いた。 ツイッターでは「@blxxm83」さんが、「怠惰な親がやんちゃな子どもを監督できなかったせいで、絶滅危惧種の美しい動物が撃たれて死ぬわけか」とツイート。 「@brittrosenthal」さんは、「悲しいのは、ハランビが子どもの親以上に子どもを守ろうとしているように思えることだ」とツイートした。 一部では、グレッグさんは現在の職場から解雇されるべきという意見まで書かれていた。 グレッグさんはフェイスブックで、息子が「脳震とうと、かすり傷少々で済んだ。（中略）骨折や内臓の損傷はなかった」とコメントした。 さらに、自分への批判に対しては、「世間は、親がなぜ子どもから目を離すのかとすぐ非難するが、私を知っている人は、子どもたちをしっかり監視しているのを分かっている。事故は起きるものだが、きょう、適切な場所に人がいたことを感謝している」と書いた。 グレッグさんのフェイスブックページはその後削除された。グレッグさんの書き込みとほぼ同時に、フェイスブックで「ハランビのため正義を」というグループが作られている。 ネット上ではさらに、ハランビ射殺についてグレッグさんの責任が問われるべきとする請願書が作られ、30万人以上が署名している。 （英語記事 Cincinnati Zoo gorilla shooting: Police to investigate）,シ ン シ ナ ィ で 3 歳 の 男 児 が ゴ リ ラ の 避 け ア に 転 落 し 絶 滅 危惧 種 の ゴ リ ラ ハ ン ビ が 射殺 さ 動物 園側 は 男 児 の 安全 確保 の た め 射殺 は 飼育 エ リ ら れ な か っ た と 主張 る 一方 動物 保護 団 体 は 避 け ア の 安全 対 策 の 不備 を 指摘 し て い る 児 の 両 親 は 注意 を 責 め 声 に ら さ れ て い る が 母親 は 事故 で あ っ た と 釈 明 し て い る 警察 は 両 親 行動 に つ い て 捜 査 す る 方針 だ が 動物園 の 運 営 に い て は 捜 査 対 象 外 と し て い る ソ ー シ ャ ル メ デ ア で は ハ ラ ン ビ の 死 を 悼 む 声 や 両 親 へ の 非難 動物園 へ の 批判 な ど 様 々 な 意見 が 飛 び 交 っ て い る,シンシナティ動物園でのゴリラ射殺事件について、多くの人が動物園と子どもの親を非難している。動物園側はゴリラを射殺するしかなかったと主張しているが、動物保護活動家らは対策不足だと非難している。権利擁護団体は農務省に告訴状を提出し、動物園に罰金を科すべきだと主張している。男児の両親はソーシャルメディアで非難されており、一部では解雇されるべきだという意見もある。男児は軽傷で済んだが、警察は両親の行動についてのみ捜査すると述べている。,"{'should_shuffle': False, 'should_remove_sentence': False, 'should_remove_random_words': {'enabled': True, 'number': 12}, 'should_replace_words_with_lemma_form': {'enabled': False, 'number': 38}, 'should_replace_conjunctions': {'enabled': False, 'number': 5}, 'should_replace_ner': {'enabled': True, 'number': 8}, 'should_random_sentence_from_another_paper': {'enabled': False, 'number': 0}}",シンシナティ動物園でのゴリラ射殺事件について、多くの人が動物園と子どもの親を非難している。動物園側はゴリラを射殺するしかなかったと主張しているが、動物保護活動家らは対策不足だと非難している。権利擁護団体は農務省に告訴状を提出し、動物園に罰金を科すべきだと主張している。男児の両親はソーシャルメディアで非難されており、一部では解雇されるべきだという意見もある。男児は軽傷で済んだが、警察は両親の行動についてのみ捜査すると述べている。,"シンシナティ動物園で、3歳の男児がゴリラの飼育エリアに転落し、絶滅危惧種のゴリラ「ハランビ」が射殺された。動物園側は男児の安全確保のため射殺は避けられなかったと主張する一方、動物保護団体は飼育エリアの安全対策の不備を指摘している。男児の両親は不注意を責める声にさらされているが、母親は事故であったと釈明している。警察は両親の行動について捜査する方針だが、動物園の運営については捜査対象外としている。ソーシャルメディアでは、ハランビの死を悼む声や、両親への非難、動物園への批判など様々な意見が飛び交っている。
"
32,691,['2'],['4'],英イングランドで公衆衛生当局が行った調査の結果、オックスフォード／アストラゼネカやファイザー／ビオンテックの新型コロナウイルスワクチンを1回受けただけで、80歳超の人の重症化リスクが80％以上減ることが1日、明らかになった。,ニック･トリグル、ミシェル・ロバーツ BBCニュース イングランド公衆衛生庁（PHE）が公表したデータによると、ワクチンの防御効果は接種から3～4週間に出始める。イギリスでは昨年12月から80歳以上の人に優先的に予防接種を進めており、今回のデータはその人たちの状態にもとづく。データは査読を受けていない。 アストラゼネカ製より1カ月早くイギリスで接種を始めたファイザー製のワクチンについては、死亡率が83%下がったという。これも初期の接種対象だった80歳以上を対象としたデータをもとにしている。 さらに、1回目の接種から3週間後の時点で、70歳以上の人たちが発症するリスクも約6割下がったという。 「かなり違う世界に到達できる」 政府の科学顧問たちはこのPHE発表を歓迎したが、新型コロナウイルス感染症COVID-19に対する最も効果的な防御を獲得するには2回の接種が必要だと強調した。 これに先立ち英スコットランドの保健当局も、同様の「素晴らしい」調査結果を発表している。 英政府のマット・ハンコック保健相は1日、首相官邸で記者団に対し、ワクチン接種による最新の調査結果は「とても力強いものだ」と評価。「イギリス全体でここ数週間、集中治療を必要とする新規のCOVID-19患者の人数が1桁に減っているのも、これが理由かもしれない」と述べた。 記者会見に同席したイングランドの副主任医務官、ジョナサン・ヴァン・タム教授は、ワクチン接種事業によって「今後数カ月の間に私たちがこれまでとかなり違う世界に到達できるようになる」とし、その展望が今回のデータからうかがえると歓迎した。 その上で教授は、2回目の接種の重要性を強調し、継続することが「絶対に不可欠だ」と述べた。 2回接種で「免疫反応が成熟」 ヴァン・タム教授は、1回しか接種しない場合と比べて、2回目のワクチン接種が「免疫反応を成熟させ、もしかすると免疫対象を拡大させ、免疫力をほぼ確実に長期化させる」「可能性がきわめて高い」と説明した。 イギリスではこれまでに成人人口の3割以上に当たる2000万人以上が、1回目の予防接種を受けている。 一方で、英政府の3月1日統計によると、ウイルス陽性判定から28日以内に新たに亡くなった人は104人、新たに感染が確認された人は5455人だった。 アストラゼネカ製は高齢者にも有効と ヴァン・タム教授は、オックスフォード／アストラゼネカ製のワクチンを高齢者に提供する判断は有効だったと、「明らかに示された」と述べた。 これまで欧州の一部では、治験で効果が確認されたのは若い成人が主だったことから、65歳以上には使用しないことにした国々が出ている。 ヴァン・タム教授は、ワクチンが若者にしか効かないなど「あり得ない」というイギリス保健当局の判断が正しかったと述べた。さらに、イギリスの今回のデータには諸外国の関心も集まるはずだと話した。 PHEの予防接種責任者、メアリー・ラムジー博士は、ワクチンによって感染者が減り、人命が救われていると示す証拠が積み上がっていると述べた。 「今後もっとデータは出てくるが、今回の結果は頼もしいし、ワクチンが具体的な変化を実現しているとますます自信を強めている」と博士は話した。 ただし、ブラジルで特定され、最近イギリスでも確認された「E484変異」について現行のワクチンがどれだけ効くのかは、まだはっきりしていない。 （英語記事 Covid vaccines cut risk of serious illness by 80% in over-80s）,フ ラ ン ス の 女優 カ ト リ ー ヌ ・ ド ヌ ー ブ が 性 暴行 疑惑 つ い て 書簡 に つ い て 謝罪 し ま し た 彼女 は 男性 を 口 説 く こ と は 犯罪 で は な い と 主張 し 女性 が 無力 で 被害者 で あ る か の よ う な 風潮 が 生 ま れ て い る と 指摘 し ま し か し 彼女 の 発 言 に 反 発 も あ り ま フ ラ ン ス で 性 暴力 に つ い て の 議論 続 い て お り 世代 間 の 一致 も 見 ら れ ま す ド ヌ ー 氏 は 以前 性 加害 行動 を 糾 弾 す る 運動 に 否定 な 意見 を 述 べ て い ま し た ブロさんはさらに、ヘリコプター事故で死亡した警官2人の遺族に対してお悔やみを述べた。 公民権運動の指導者アル・シャープトン師はMSNBCテレビに対し、トランプ大統領が差別主義者を全面的に非難するまでに48時間がかかったと指摘。 フィールズ容疑者は、ナチス思想に共感していたとされる。,フランスの女優カトリーヌ・ドヌーブ氏が、性的暴行疑惑についての書簡について謝罪しました。彼女は、男性が女性を口説くことは犯罪ではないと主張し、女性が無力で被害者であるかのような風潮が生まれていると指摘しました。しかし、彼女の発言には反発もあります。フランスでは、性的暴力についての議論が続いており、世代間の不一致も見られます。ドヌーブ氏は以前、性的加害行動を糾弾する運動に否定的な意見を述べていました。,"{'should_shuffle': False, 'should_remove_sentence': True, 'should_remove_random_words': {'enabled': True, 'number': 12}, 'should_replace_words_with_lemma_form': {'enabled': False, 'number': 40}, 'should_replace_conjunctions': {'enabled': False, 'number': 5}, 'should_replace_ner': {'enabled': False, 'number': 0}, 'should_random_sentence_from_another_paper': {'enabled': True, 'number': 3}}",フランスの女優カトリーヌ・ドヌーブ氏が、性的暴行疑惑についての書簡について謝罪しました。彼女は、男性が女性を口説くことは犯罪ではないと主張し、女性が無力で被害者であるかのような風潮が生まれていると指摘しました。しかし、彼女の発言には反発もあります。フランスでは、性的暴力についての議論が続いており、世代間の不一致も見られます。ドヌーブ氏は以前、性的加害行動を糾弾する運動に否定的な意見を述べていました。,フランスの女優カトリーヌ・ドヌーブ氏が、性的暴行疑惑についての書簡について謝罪しました。彼女は、男性が女性を口説くことは犯罪ではないと主張し、女性が無力で被害者であるかのような風潮が生まれていると指摘しました。しかし、彼女の発言には反発もあります。フランスでは、性的暴力についての議論が続いており、世代間の不一致も見られます。ドヌーブ氏は以前、性的加害行動を糾弾する運動に否定的な意見を述べていました。
